arm,entry_year,holdout,cycles,half_spread_share_median,half_spread_share_mean,mean_k0_c0,mean_k1_c0,breakeven_k_c0,mean_k0_c2,mean_k1_c2,breakeven_k_c2
straddle,2007,False,16,0.04919354838709679,0.049690552459926166,0.028038870521055498,-0.021843361986873776,0.5621013557602588,0.019994064012732727,-0.029888168495195967,0.40082536421269244
straddle,2008,False,32,0.03439073004290396,0.03772494299019481,-0.060375431398672304,-0.0999928320993142,-1.5239624591952112,-0.0664777779383599,-0.10609517863900138,-1.6779944358460528
straddle,2009,False,48,0.02632034632034634,0.03068183463430099,0.07121497976449559,0.04052575636365871,2.3205207520029196,0.06448636365422676,0.033797140253390034,2.1012706255860674
straddle,2010,False,44,0.00810816733504263,0.010038690184705433,0.07740876056130154,0.06750507451167855,7.816156547515788,0.0678755107839666,0.05797182473434428,6.853560426277349
straddle,2011,False,47,0.006006006006006011,0.007986800597866172,0.017103864058391007,0.00919725493781919,2.163236325150981,0.008085310080928693,0.00017870096035702346,1.0226014663975325
straddle,2012,False,46,0.00613496932515338,0.0069118767690034225,0.08602147249227758,0.07905564889949533,12.3490742116137,0.07621581875074036,0.06924999515795789,10.9413937541729
straddle,2013,False,48,0.007326892109500791,0.007882321598618595,0.014882068754422688,0.006998742163899959,1.8877904630151683,0.003318460446469683,-0.004564866144052292,0.4209467168922605
straddle,2014,False,48,0.009136696636696622,0.011937888758510205,0.013009092874976029,0.001069977225643692,1.0896194707439264,0.0003813487652583984,-0.011557766884074706,0.03194112331759679
straddle,2015,False,48,0.0140873015873016,0.020108623226724732,0.06675313483992686,0.04664151939980688,3.319133415148905,0.057037354049898514,0.03692573860977799,2.8360404075803425
straddle,2016,False,48,0.018129614438064004,0.022811188710701705,0.0006885538898972118,-0.022131279139784327,0.030173485011990065,-0.009108333337422376,-0.031928166367104306,-0.39914110351180476
straddle,2017,False,47,0.016949152542372895,0.023133575225078685,0.06687289650171264,0.043822615140865634,2.9011748470585834,0.05368697054807952,0.030636689187230365,2.3291243047152865
straddle,2018,False,48,0.01863641625188102,0.019805173469159967,0.010503290015316857,-0.009331371437714961,0.5295421875583051,-0.0050232715403347615,-0.024857932993366444,-0.2532572361887713
straddle,2019,False,48,0.013799010277883529,0.019607367337678903,0.009324336925600293,-0.010315844668676502,0.47475818290384,-0.003865343284228296,-0.02350552487850584,-0.19680791980836476
straddle,2020,False,47,0.011705685618729107,0.012309193565712381,0.018406961387442265,0.00609726795090934,1.495322485677325,0.009784239389587408,-0.002525454046945566,0.7948402159674856
straddle,2021,False,48,0.011337930531231766,0.014451864688303845,0.05981717422791708,0.045363771417417736,4.138622233960314,0.04989516596946419,0.03544176315896453,3.4521397226415016
straddle,2022,True,48,0.012470068725316419,0.013793950533573825,0.026414527830932778,0.01260164037035337,1.9123103627910663,0.017747366128774564,0.003934478668194673,1.284841144143333
straddle,2023,True,48,0.011834733893557433,0.013030708863864378,0.03773222969670848,0.024654624332255414,2.885255262348752,0.025991522563599878,0.012913917199145189,1.9874833227683708
straddle,2024,True,47,0.012987012987012941,0.01786908557936113,-0.004534555354748387,-0.022336566913676078,-0.2547215150230768,-0.01622636170263307,-0.0340283732615607,-0.9114903475329802
straddle,2025,True,28,0.01528960867482267,0.025798863511190772,-0.03813443050715069,-0.06401666023058679,-1.4733827384516394,-0.04766180359890014,-0.07354403332233676,-1.841487542154913
strip,2007,False,8,0.1163092044843694,0.11297395930674384,0.1270684262244898,0.0068756215064308445,1.0572049343765566,0.11403067025420666,-0.0061621344638515775,0.9487312532700574
strip,2008,False,23,0.0649545245253124,0.06864118360325641,0.0021237418809134214,-0.06669440687946973,0.030860200676249595,-0.008585441364244883,-0.07740359012462793,-0.12475548265819257
strip,2009,False,24,0.061340384198574203,0.06138744875811441,0.3588190018972109,0.2974170050473044,5.843767634696351,0.34669144623517506,0.2852894493852665,5.6462568649457765
strip,2010,False,24,0.028277695585000415,0.031548487296882546,0.23275147863500126,0.20168002586567982,7.490846352212074,0.2155554029082152,0.18448395013889476,6.937409863276554
strip,2011,False,36,0.024377591963123578,0.02842060966051881,0.07264823293374635,0.04422294391203214,2.5557605721528467,0.05745567033510296,0.02903038131338904,2.0212871113188293
strip,2012,False,38,0.03363084635898846,0.03537113891702579,0.3081242796696369,0.272625821531331,8.679934166975675,0.2915127172150737,0.2560142590767669,8.211982505811957
strip,2013,False,33,0.035416698510274174,0.03824197094141078,-0.00858047017372736,-0.04672187135673936,-0.22496473405777923,-0.029991613276375884,-0.06813301445938728,-0.7863269923532457
strip,2014,False,38,0.05509421582435764,0.05907588368418771,0.1723405472444096,0.11353349472930252,2.9306101882956415,0.15179917132152862,0.09299211880642057,2.5813089558013482
strip,2015,False,28,0.04354995680405901,0.046279853423961216,0.24462970157837285,0.199260932393999,5.392028612991985,0.226342909817283,0.18097414063290715,4.988958569659219
strip,2016,False,16,0.032949637033715784,0.03444187127829414,0.2189410585760415,0.1844919239416237,6.355487907011158,0.19388097715778227,0.15943184252336698,5.628036210932619
strip,2017,False,12,0.030162147241827277,0.02923259429334955,0.29745923851602546,0.26820147154823254,10.166846938232501,0.2591833437176136,0.22992557674983014,8.858616722288055
strip,2018,False,16,0.03759758615568011,0.04574572845967927,0.0990886834734237,0.05682449249976552,2.3445068080253155,0.06486065144108827,0.02259646046743423,1.5346478885995958
strip,2019,False,21,0.03453853712191792,0.04227038382049471,0.15857206914976862,0.1207253256152276,4.189847113399519,0.12313701669976147,0.08529027316522408,3.2535696654427264
strip,2020,False,38,0.03236328985061995,0.034944467699667,0.1792338602519861,0.14329952513015437,4.9878162388231715,0.16704591450697745,0.13111157938514587,4.648643531058132
strip,2021,False,39,0.03977840263952606,0.046109166170795884,0.26753535476431484,0.2226643639085726,5.962323310943285,0.2518853853102418,0.20701439445450107,5.613546313698485
strip,2022,True,44,0.04403006748607265,0.057396428050448194,0.15676585499423432,0.10009747859080553,2.7663727980875947,0.14134187592024072,0.08467349951681065,2.4941931442328293
strip,2023,True,37,0.0408338924677071,0.0559131287077399,0.11630950675490175,0.060017925546848094,2.0661971871961082,0.09529215538348358,0.03900057417542846,1.692831385057054
strip,2024,True,46,0.06094735220665363,0.08396339944443387,0.12559515999867257,0.04233369880096474,1.508442900136494,0.10719504364866855,0.02393358245095895,1.2874509059374677
strip,2025,True,25,0.03665200681096786,0.11605243934859988,0.04925590797370949,-0.06355690309461501,0.4366162628806218,0.03157576970938243,-0.08123704135894556,0.2798952478035296
