rule,ticker,entry_year,n,mean,p05,p10,p25,p50,p75,p90,p95,share_below_0.95,share_above_1
section 3,ALL,2007,16,0.9641180344413269,0.919854417710677,0.9424389425346082,0.9553544895871864,0.9681582472353957,0.9793512822934644,0.9861454355437734,0.9903416504076331,0.125,0.0625
section 3,ALL,2008,31,0.9811804555493717,0.9436093240039631,0.9634426026503113,0.9811008789138609,0.9869316032244554,0.9902745592019666,0.991872072131204,0.9936844019025498,0.0967741935483871,0.03225806451612903
section 3,ALL,2009,48,1.004476335772622,0.9751386642285671,0.9808568875309747,0.9855339579738889,0.994866863770026,1.0142948779572867,1.0464243228716013,1.0570807211170707,0.0,0.3958333333333333
section 3,ALL,2010,45,1.0474971363599113,0.9942257230833026,0.9960816565426645,1.000417084806486,1.0094016884327766,1.0617161484670083,1.1524566176628415,1.210639787110938,0.0,0.7555555555555555
section 3,ALL,2011,44,1.0354488168626435,0.9901274531350245,0.9937304838465651,0.9985562522608723,1.0015046868337758,1.0081140702264029,1.1305185267744202,1.1792042582849782,0.0,0.6136363636363636
section 3,ALL,2012,48,1.016208423829348,0.9924931258635094,0.9933829996431198,0.9964905864503855,1.0012364186663691,1.0106456716436418,1.0296404741832772,1.035363227316617,0.0,0.5208333333333334
section 3,ALL,2013,48,1.0153812852550625,0.9949053110276234,0.995427839602557,0.9978646867756111,1.0010300668015668,1.0319682478246528,1.05609720500523,1.061595855373997,0.0,0.6041666666666666
section 3,ALL,2014,48,1.0033406107019869,0.9863024866708396,0.9906349951387252,0.995525729885091,1.0008978653880014,1.0089442179727528,1.0188201954030707,1.0294350047978937,0.0,0.5625
section 3,ALL,2015,48,1.0023620102166215,0.9799319459261491,0.9821312948092341,0.9956118291633422,1.001676762360308,1.0103514069971717,1.0170249925659114,1.0216114629460344,0.0,0.5833333333333334
section 3,ALL,2016,48,1.011982012056125,0.995416852109056,0.9966788775554435,0.9990503341850658,1.0130380445876765,1.0191181382870727,1.0281403252381323,1.0403777107205825,0.0,0.6666666666666666
section 3,ALL,2017,45,1.0381396414782629,0.9952543490275464,0.9958516472675827,0.9979588551778557,1.0385607958298324,1.0554476849965047,1.0787664503354777,1.0856337400368121,0.0,0.7333333333333333
section 3,ALL,2018,48,1.0139430507668152,0.9898405144509128,0.9930923938644705,0.9946185509203418,1.007332967079559,1.0339221763204478,1.046600138526043,1.0602257150005001,0.020833333333333332,0.5416666666666666
section 3,ALL,2019,48,1.0161494810724314,0.9896155065190229,0.9908803212455675,0.9951886620918104,1.0062959413348924,1.0244310976982725,1.0640274188263652,1.083239005268072,0.0,0.5625
section 3,ALL,2020,48,0.9981840615610379,0.9824448963181017,0.9894254423435171,0.9942963046811544,0.9976989235598184,0.9993822137641128,1.0146255832754392,1.0216803216518135,0.0,0.22916666666666666
section 3,ALL,2021,48,0.9936971616506987,0.9388005916058256,0.9880855828584099,0.9950642344664999,0.9982325459114636,0.999779804028404,1.01030875518164,1.0255397138603182,0.0625,0.22916666666666666
section 3,ALL,2022,48,0.9923898480630369,0.9640992513138773,0.9788875838685173,0.991884324903751,0.9976289381349033,0.9993696842241508,1.0007664567825367,1.001656361416771,0.020833333333333332,0.16666666666666666
section 3,ALL,2023,48,0.9999975844320516,0.9686339221918076,0.981074238032587,0.9977036775594684,1.0005646879779244,1.0070567310605818,1.0204207819732747,1.0224121623335674,0.020833333333333332,0.5416666666666666
section 3,ALL,2024,48,0.9837361474705896,0.8987705183327029,0.9498032221456673,0.986051662050303,0.9983649260393253,1.001263896308107,1.0060772006519676,1.0083147735077573,0.10416666666666667,0.2916666666666667
section 3,ALL,2025,28,0.9822343668001976,0.9048072041690203,0.9078754944283867,0.986875862682897,0.997000399284034,0.9991651349559737,1.0010967452111812,1.0017263281780469,0.17857142857142858,0.17857142857142858
section 3,ALL,ALL,833,1.0074995828390108,0.9718909172597239,0.9843230709256908,0.9948299323689259,0.9992808021580312,1.0129948931304777,1.043014533852285,1.0631714618917933,0.025210084033613446,0.460984393757503
section 3,GLD,2008,7,0.9877755537095165,0.9836909399567252,0.9842718017757391,0.9857115150020331,0.9869316032244554,0.9902126465821044,0.9919377549483555,0.9922383131922645,0.0,0.0
section 3,GLD,2009,12,0.9868729671653108,0.9794716472904189,0.9836584763248918,0.984262426911839,0.9852333878612108,0.9890785371880676,0.9956275937965159,0.9965124314697001,0.0,0.0
section 3,GLD,2010,12,0.9994429189705389,0.9928620660206249,0.9942025727115776,0.9951583040946602,0.9983144998586035,1.0004635646052882,1.001583357349077,1.01072772098899,0.0,0.3333333333333333
section 3,GLD,2011,12,1.0009024836145828,0.9943105257802174,0.9954135631589176,0.9974571604783695,0.9993826334960306,1.0030282029048303,1.0079754886746426,1.0119833709260964,0.0,0.3333333333333333
section 3,GLD,2012,12,0.996708217211488,0.9893527467314687,0.9925022608877629,0.9952957770178292,0.9964177428838105,0.998034950235346,1.000756324424649,1.0049519240111449,0.0,0.16666666666666666
section 3,GLD,2013,12,0.9990442875174006,0.9952101634719217,0.9955462669816201,0.9959519124768035,0.9989441688418772,1.0003231205349756,1.00388409460018,1.0050548375338626,0.0,0.3333333333333333
section 3,GLD,2014,12,0.9985671556058735,0.9946932890049642,0.9949625278731036,0.9961763726544226,0.9995798365414205,1.0003919988170056,1.0012441178666862,1.0014483836639372,0.0,0.4166666666666667
section 3,GLD,2015,12,0.9973604316862863,0.9950797516446825,0.9953114153978061,0.9956118291633422,0.9963467293529822,0.9997155438465664,1.0002015960603723,1.0003142138301286,0.0,0.25
section 3,GLD,2016,12,0.997705248976097,0.995633030937185,0.9961525502097054,0.9966951829242058,0.9975989330222187,0.9989624999016464,0.9997050900940653,0.9997697132814002,0.0,0.0
section 3,GLD,2017,12,0.9958881806292018,0.9943117325603039,0.9945435233076428,0.9954950984037993,0.99612783895377,0.9963490579885467,0.996464617822069,0.9971409524002366,0.0,0.0
section 3,GLD,2018,12,0.9948629414498161,0.99306220870858,0.9939909788693112,0.994223284025046,0.9945608016101514,0.9954524753418157,0.9961800029918946,0.997039910077092,0.0,0.0
section 3,GLD,2019,12,0.9960021036993548,0.9902165140001361,0.9910798788705386,0.9951886620918104,0.9969315480681407,0.9979932253511556,0.9982755403248057,0.9985719896777022,0.0,0.0
section 3,GLD,2020,12,0.9975726117547378,0.9955185386109924,0.996579858774249,0.9971275707159396,0.997628612176171,0.9979617535164749,0.9986870862921746,0.9995130627947844,0.0,0.08333333333333333
section 3,GLD,2021,12,0.9981108659373804,0.9961193708618119,0.997009854576629,0.9970891916811051,0.9985010491601595,0.9988381656166493,0.9993181051099163,0.9996145956836716,0.0,0.0
section 3,GLD,2022,12,0.9986260996554787,0.9971811311060181,0.9972580224307193,0.997928057097002,0.9987954061682314,0.999302757062889,0.9994184472502194,0.9998656784512633,0.0,0.08333333333333333
section 3,GLD,2023,12,0.9987068329597357,0.9971783902596576,0.9973017243196384,0.9977517870500611,0.9986332596212633,0.9996104730949888,1.0001020312353004,1.0003366193576633,0.0,0.16666666666666666
section 3,GLD,2024,12,1.0005473387959287,0.9937213295999573,0.9957915285673897,0.9981699109635799,0.9997356193495681,1.0047558873889106,1.006290348807851,1.007673659802934,0.0,0.3333333333333333
section 3,GLD,2025,7,0.9992418833341833,0.9965964554253229,0.9974351603594112,0.998840652273873,0.9992769269952432,1.0001242392489897,1.0011887870441698,1.0014587549256244,0.0,0.2857142857142857
section 3,GLD,ALL,206,0.9970493703245459,0.9865154601583453,0.9921549405885921,0.9955337845728965,0.9975507582626199,0.9993221644133754,1.000525807197635,1.0038301321043344,0.0,0.1553398058252427
section 3,SLV,2008,1,0.9902357723632182,0.9902357723632182,0.9902357723632182,0.9902357723632182,0.9902357723632182,0.9902357723632182,0.9902357723632182,0.9902357723632182,0.0,0.0
section 3,SLV,2009,12,1.0305290500251116,1.0000006120847131,1.003380365476833,1.0130078236859135,1.0378002767252315,1.0461733855003017,1.0556091087141342,1.0568218202971702,0.0,0.9166666666666666
section 3,SLV,2010,12,1.0407269015082379,0.9915724311104823,1.007460184076571,1.0309866389694264,1.0477964846169145,1.0559262467009796,1.0728216806563942,1.0789175142008718,0.0,0.9166666666666666
section 3,SLV,2011,12,0.9978380556950227,0.9853328247034202,0.9864003871010937,0.9961949233183888,1.0009801867192794,1.0017667585441232,1.0029331979435527,1.0043846665736533,0.0,0.5833333333333334
section 3,SLV,2012,12,0.9971971004808627,0.9924889330544502,0.9927202105530369,0.9941632609048385,0.9967900551263541,0.9988543729297403,1.0029728277228531,1.0038769513298849,0.0,0.25
section 3,SLV,2013,12,1.012890627477749,0.9944824282001501,0.9951358638142629,0.9964082156407975,1.0021753377303089,1.0180284057326912,1.0546517534123114,1.0600895392709802,0.0,0.5833333333333334
section 3,SLV,2014,12,1.0062862709377554,0.9984944809970431,0.9989133918344685,1.002882771696852,1.005706216800999,1.0091907916177145,1.0123828620750377,1.0148384488372773,0.0,0.8333333333333334
section 3,SLV,2015,12,1.016084225093826,1.0054310270436022,1.0057417774334378,1.0070099408865585,1.0123277659554186,1.019547637451256,1.027149666520203,1.0388681958725758,0.0,1.0
section 3,SLV,2016,12,1.0134599200049779,1.005104356839361,1.007332156110559,1.0094708963138963,1.0135810905691653,1.0178854713935344,1.0195638542746195,1.0208657123982576,0.0,1.0
section 3,SLV,2017,12,1.035095811328265,1.0240095525925708,1.0244733503093668,1.0284684404665585,1.0332911917790835,1.0435675160510653,1.0465468748162159,1.0470861551713537,0.0,1.0
section 3,SLV,2018,12,1.0459320524239872,1.032947118050203,1.033735803754677,1.037606072356503,1.0451595383222194,1.0494214439700025,1.0623182886650226,1.0655633597820167,0.0,1.0
section 3,SLV,2019,12,1.0523415474933022,1.013715903968243,1.0198427664671998,1.0226091604558256,1.0469108797848206,1.0817548429566628,1.088216785826764,1.0944708737094713,0.0,1.0
section 3,SLV,2020,12,1.0020255265875402,0.9929042307304032,0.9934994317956732,0.9959346252435525,0.998527836165109,1.0023592020808811,1.0135910787110973,1.0234949914709632,0.0,0.3333333333333333
section 3,SLV,2021,12,0.997934138047531,0.9937514116465216,0.9939717207150116,0.9963590353534402,0.9980830590416498,0.9996650369644593,1.0002756001494952,1.0019401361922706,0.0,0.16666666666666666
section 3,SLV,2022,12,0.9997179368447319,0.9949381023414774,0.9968890994485805,0.9980265934486018,0.9994601858323947,1.0008485456900686,1.0043668835767372,1.0059289165472909,0.0,0.3333333333333333
section 3,SLV,2023,12,1.0029674297419457,0.9984546775535988,0.9988639899850424,1.0011318333633727,1.0022630063142688,1.0056919024881006,1.0067730876339116,1.0071953134930836,0.0,0.8333333333333334
section 3,SLV,2024,12,1.000629337635153,0.9965816303739771,0.9980467431368948,0.9985624794208208,0.9995223544761966,1.0015763427600335,1.0055797601301997,1.007431516250354,0.0,0.4166666666666667
section 3,SLV,2025,7,0.9983163702094048,0.9967758356496164,0.9971126811012427,0.9975831860885909,0.9976720285248553,0.9986076597779809,1.0000471537613542,1.0008845173855991,0.0,0.14285714285714285
section 3,SLV,ALL,200,1.0149916076987051,0.993384438947389,0.9957052777124262,0.9985729387542747,1.005368577543158,1.0279697718632046,1.049747109791872,1.0617881069501995,0.0,0.675
section 3,UNG,2007,8,0.9523470489913431,0.9007144476625772,0.9174619214546645,0.9486632086784013,0.9606149729899622,0.9696689712739405,0.9773398872472119,0.9813243950971655,0.25,0.0
section 3,UNG,2008,11,0.9752648072259039,0.9436093240039631,0.9457298235245141,0.9717960416358198,0.9812239272198113,0.9867796651004452,0.9890428774661137,0.9890606276969629,0.18181818181818182,0.0
section 3,UNG,2009,12,1.010667009875574,0.9727310180923086,0.9768633128549579,0.9886225194708013,0.9983509526438306,1.0209424982042337,1.066614489915931,1.0822049156499283,0.0,0.5
section 3,UNG,2010,9,1.1737574965254223,1.091176031178457,1.1087254841017264,1.1348371711442282,1.1539150745610087,1.2180031686815336,1.2594532426177039,1.269835634046988,0.0,1.0
section 3,UNG,2011,8,1.192497901318819,1.1205909023903295,1.1230560037854176,1.125721037257167,1.1340216285017588,1.1898719557010566,1.2942545910576408,1.405661839191077,0.0,1.0
section 3,UNG,2012,12,1.064940088839587,1.0055101320270259,1.008866333810495,1.0101993141090857,1.026017353544714,1.0333855611759915,1.1939394924128413,1.2843208521755174,0.0,1.0
section 3,UNG,2013,12,1.0453765001988453,1.0183562097469152,1.0288156470863574,1.0334887447678214,1.0487385721851914,1.0562627167472995,1.0638670958396534,1.066749311810904,0.0,1.0
section 3,UNG,2014,12,1.0034252773060461,0.978723129174231,0.9845006574000392,0.9865000620044876,1.0034611832066747,1.017226533627078,1.0310402290429228,1.0350627939804746,0.0,0.5
section 3,UNG,2015,12,0.9920150682155467,0.9750807138550908,0.976465754984488,0.9807160467764354,0.9829643266750336,1.0139614917912647,1.0141298169537996,1.0150803337775094,0.0,0.3333333333333333
section 3,UNG,2016,12,1.0171153225032479,0.9820566871311569,0.9919622749008524,1.0092795921869016,1.0187558981394824,1.0285944583821893,1.0441595554034888,1.0491611990965026,0.0,0.75
section 3,UNG,2017,9,1.0742160060404176,1.0308215135334218,1.0374502527788665,1.0537570485025922,1.0662497840688268,1.081738828543975,1.123713387718325,1.1380028216869886,0.0,1.0
section 3,UNG,2018,12,0.99152606607357,0.9611553677652522,0.9815668577171961,0.9909714908110666,0.9955327131848566,0.9987291910477223,1.004348282300898,1.0090632855086632,0.08333333333333333,0.16666666666666666
section 3,UNG,2019,12,0.9962866863513183,0.9858744060370104,0.9863203917237907,0.9906317131081445,0.9938851418006445,0.9978177150844357,1.0061691801903994,1.01265742338772,0.0,0.25
section 3,UNG,2020,12,0.995654155006707,0.9764121258077969,0.9907868625559928,0.992458845993131,0.9973745361649495,0.998961459167463,1.003888482598148,1.0129422258720393,0.0,0.16666666666666666
section 3,UNG,2021,12,1.0120536791704866,0.9962250680867007,0.9973078606962227,0.9986569988372065,1.0079410195059266,1.0224953233197973,1.0298600598832643,1.0353994959112143,0.0,0.6666666666666666
section 3,UNG,2022,12,0.9797600379581102,0.9408858230655041,0.9515439600855145,0.9646185813484488,0.9860539177536763,0.9982797738570467,0.9993474673319692,1.0002104761976565,0.08333333333333333,0.08333333333333333
section 3,UNG,2023,12,1.0125312644248414,0.9885322050253711,0.9982283628967712,1.007804517916151,1.0195638741626398,1.0219646592873406,1.022440872811573,1.0233794206260247,0.0,0.8333333333333334
section 3,UNG,2024,12,0.9469516239736272,0.8194690403025213,0.8309533089586086,0.9069853622020527,0.9852907488451013,0.9947078285240522,1.003806628507756,1.02258770968667,0.4166666666666667,0.16666666666666666
section 3,UNG,2025,7,0.9628694185827321,0.9018912313561123,0.9028701834656397,0.9261894751598161,0.9796261831497026,0.9868322008882757,1.006642912970394,1.0200735142785233,0.42857142857142855,0.14285714285714285
section 3,UNG,ALL,208,1.0176834292976347,0.9386992578188955,0.9653447379134795,0.9860255675370133,0.9997009122746876,1.0290041653892548,1.0864462571589961,1.1515840924866307,0.0673076923076923,0.5
section 3,USO,2007,8,0.9758890198913105,0.957379318198208,0.9616976503179387,0.9673993177425358,0.9765267348507702,0.9818429138685946,0.9910135868610742,0.9957171420351617,0.0,0.125
section 3,USO,2008,12,0.9820013828513132,0.9371222768516007,0.9646431034026293,0.9808724328104051,0.9893123717200119,0.991836085698843,0.9945341463451537,1.0080343970200378,0.08333333333333333,0.08333333333333333
section 3,USO,2009,12,0.989836316024492,0.9769568567750165,0.9815024666224721,0.9856630026744677,0.9874223655376695,0.9916843447163637,1.0061771717176906,1.008783689306346,0.0,0.16666666666666666
section 3,USO,2010,12,1.0076263184768235,0.9983842749276364,0.9989682737895986,1.0047618769604074,1.0061710992456843,1.0098659449028689,1.0158674047684717,1.0194813916556567,0.0,0.8333333333333334
section 3,USO,2011,12,1.0029065216408741,0.9946210435948278,0.9985012035558066,0.9994850691128326,1.0025401108555791,1.0051653864558774,1.0079105534497277,1.0126006608225133,0.0,0.6666666666666666
section 3,USO,2012,12,1.0059882887854539,0.9968041940898484,0.9969720269449652,0.9972739008261736,1.0091238813079615,1.0112794436286605,1.0134301837533415,1.0137324278043467,0.0,0.6666666666666666
section 3,USO,2013,12,1.0042137258262545,0.9943398057574308,0.9952678387045575,0.9969016269276967,1.0001295586141463,1.00260697817543,1.0144825179780252,1.028907903982667,0.0,0.5
section 3,USO,2014,12,1.0050837389582725,0.9920394903502051,0.9922459048909601,0.9938440497683798,1.0004061899582828,1.0103193428620876,1.023144223265927,1.0329691878905782,0.0,0.5
section 3,USO,2015,12,1.003988315870827,0.9954401637468974,0.9961714336832791,1.0008313563279345,1.0023463710863092,1.0055748704095164,1.0109138184123414,1.0158153167287123,0.0,0.75
section 3,USO,2016,12,1.0196475567401764,1.0024441037075598,1.0057924174840263,1.011082750151919,1.0163209372438413,1.0237061558009928,1.0281243211641504,1.046129687443558,0.0,0.9166666666666666
section 3,USO,2017,12,1.0563776590557057,1.0349530681234864,1.036514753095763,1.0459095648950338,1.0533356860282883,1.0637793232586394,1.0798095386434494,1.0830598396698683,0.0,1.0
section 3,USO,2018,12,1.023451143119888,1.0070626290175408,1.0099997422734852,1.01560774846659,1.0209953488152026,1.0264909625645373,1.0342211155735834,1.0480401987766934,0.0,1.0
section 3,USO,2019,12,1.01996758674575,1.0073843161582816,1.0085387446479899,1.0114253185599573,1.0174430731089665,1.0288911629311497,1.0329093370149363,1.0373793462007248,0.0,1.0
section 3,USO,2020,12,0.997483952895167,0.9782396864839433,0.9817557726040008,0.9869576175529344,0.9968334039334048,1.0051603529191617,1.018102856675788,1.0208336630804016,0.0,0.3333333333333333
section 3,USO,2021,12,0.9666899634473971,0.8781350556067535,0.8986704872754716,0.9656502699301504,0.9884971612570541,0.9954891737871703,0.9974253248235045,0.9999735856155431,0.25,0.08333333333333333
section 3,USO,2022,12,0.9914553177938266,0.9785098398763326,0.9799874035865762,0.9892869815840863,0.9923571457070224,0.9959242485387737,1.0003448665427568,1.0008069483483146,0.0,0.16666666666666666
section 3,USO,2023,12,0.985784810601683,0.9495384023750636,0.9596007863287267,0.9722656355768299,0.986140011984,1.0011485585675117,1.0080087549271817,1.0175846972985936,0.08333333333333333,0.3333333333333333
section 3,USO,2024,12,0.98681628947765,0.9654961714110516,0.9676128869534981,0.9759550956971821,0.9874187578442333,0.9968562939633163,1.002367677242342,1.0043728638754699,0.0,0.25
section 3,USO,2025,7,0.9685097950744709,0.9067926155791274,0.9076047747160718,0.9481062423684308,0.9902220982017521,0.9933139948367538,0.9966450943685333,0.9985853154177627,0.2857142857142857,0.14285714285714285
section 3,USO,ALL,219,1.0008151022118283,0.9652545199494615,0.9769342719042161,0.9902677221212336,1.0005313455544036,1.0115139521683956,1.0282249961700585,1.0455428855275444,0.0319634703196347,0.5159817351598174
section 3 and rule 2 floor,ALL,2007,8,0.9777542928021694,0.9591042419374051,0.9639298386338548,0.9724599621967132,0.9765267348507702,0.9857271692454463,0.9910135868610742,0.9957171420351617,0.0,0.125
section 3 and rule 2 floor,ALL,2008,23,0.9859924064050112,0.9728044061492648,0.9810270499302906,0.9835421496190091,0.9875119047951145,0.9905120960215362,0.991862475749241,0.9924721915056767,0.0,0.0
section 3 and rule 2 floor,ALL,2009,24,0.9883546415949014,0.9754197327912367,0.9818991211777126,0.9843846124959806,0.9867801379581365,0.9909534475591784,0.9968312001861263,1.0058172825650504,0.0,0.08333333333333333
section 3 and rule 2 floor,ALL,2010,24,1.0035496028151571,0.9942141478974401,0.9947098772721251,0.9982353246035343,1.0011476447502403,1.0074662938496621,1.014843251333955,1.020962298600546,0.0,0.5833333333333334
section 3 and rule 2 floor,ALL,2011,36,1.0005490203168266,0.9889578506434523,0.992000308121797,0.9983044066730485,1.0007602013691697,1.0042460994296063,1.0074247074354323,1.0103730887570344,0.0,0.5277777777777778
section 3 and rule 2 floor,ALL,2012,38,1.0004808024878684,0.9923577703519233,0.992828872666022,0.9960895573965081,0.997308935893269,1.0074608266134328,1.0106498020092693,1.0130674415676217,0.0,0.39473684210526316
section 3 and rule 2 floor,ALL,2013,33,1.001347142592753,0.9943949231824537,0.9950934565958518,0.9960269877297842,0.9991503817567075,1.001289564651074,1.006890768000973,1.0148510477412422,0.0,0.42424242424242425
section 3 and rule 2 floor,ALL,2014,38,1.0010609387924734,0.9865494558378995,0.9920607705080082,0.9952271035616338,0.9998394014954293,1.004858970217894,1.0104958489510905,1.0170471752824177,0.0,0.5
section 3 and rule 2 floor,ALL,2015,28,1.0007501866207662,0.9948406892918848,0.9951564447203999,0.9958971767237424,1.0001997977124728,1.0043634976107305,1.0099549911414385,1.013473055177388,0.0,0.5357142857142857
section 3 and rule 2 floor,ALL,2016,16,0.9998762951191538,0.9958492097653142,0.996285017846624,0.9972263716661093,0.9983322804416883,1.0005040487976227,1.0061944463475705,1.0079752567791513,0.0,0.25
section 3 and rule 2 floor,ALL,2017,12,0.9958881806292018,0.9943117325603039,0.9945435233076428,0.9954950984037993,0.99612783895377,0.9963490579885467,0.996464617822069,0.9971409524002366,0.0,0.0
section 3 and rule 2 floor,ALL,2018,16,0.9954925789158953,0.9911596875015976,0.9929592151856974,0.994223284025046,0.9949577559638833,0.9966787990189641,0.998447788580501,0.9998668087248541,0.0,0.0625
section 3 and rule 2 floor,ALL,2019,21,0.9977416824891181,0.9897112137403682,0.9906299414854007,0.9933118227381562,0.9970716311607419,0.9989116236961189,1.0063634960388923,1.008330076680691,0.0,0.23809523809523808
section 3 and rule 2 floor,ALL,2020,39,0.9960631962135744,0.9839609684891235,0.9896484173336875,0.993852608908985,0.9975993361281493,0.9988952745743941,1.002061839049206,1.0030002697118483,0.0,0.15384615384615385
section 3 and rule 2 floor,ALL,2021,39,0.9883281783545357,0.9134586079835336,0.9866400443995713,0.9944201296302457,0.9970989776155181,0.9987963708119124,0.9997689217309587,1.0006025333539044,0.07692307692307693,0.07692307692307693
section 3 and rule 2 floor,ALL,2022,44,0.994434852892184,0.97750252256384,0.982212069785063,0.9927601135883052,0.9980617241724821,0.9993696842241508,1.0006313569154068,1.0017404024020355,0.0,0.1590909090909091
section 3 and rule 2 floor,ALL,2023,37,0.9958685973362752,0.964154975946316,0.979400024870987,0.9972543052278917,0.9989581276303652,1.002214133207398,1.006221010703697,1.0077741844051926,0.02702702702702703,0.43243243243243246
section 3 and rule 2 floor,ALL,2024,46,0.9818525011169627,0.8967168073653655,0.9403697043411874,0.9856718282962088,0.9981393399850342,1.0004171029672273,1.0048613172736156,1.00630123673538,0.10869565217391304,0.2608695652173913
section 3 and rule 2 floor,ALL,2025,25,0.9853315345379877,0.9065218958668125,0.9244939910890477,0.9902220982017521,0.997604563807104,0.9992769269952432,1.0013646605534654,1.0017273544476322,0.16,0.2
section 3 and rule 2 floor,ALL,ALL,547,0.994644511010315,0.9743172576979607,0.9848166033444541,0.993563134695939,0.9977593722180282,1.0006010360507163,1.0064791082350981,1.010388057443146,0.02376599634369287,0.28884826325411334
section 3 and rule 2 floor,GLD,2008,7,0.9877755537095165,0.9836909399567252,0.9842718017757391,0.9857115150020331,0.9869316032244554,0.9902126465821044,0.9919377549483555,0.9922383131922645,0.0,0.0
section 3 and rule 2 floor,GLD,2009,12,0.9868729671653108,0.9794716472904189,0.9836584763248918,0.984262426911839,0.9852333878612108,0.9890785371880676,0.9956275937965159,0.9965124314697001,0.0,0.0
section 3 and rule 2 floor,GLD,2010,12,0.9994429189705389,0.9928620660206249,0.9942025727115776,0.9951583040946602,0.9983144998586035,1.0004635646052882,1.001583357349077,1.01072772098899,0.0,0.3333333333333333
section 3 and rule 2 floor,GLD,2011,12,1.0009024836145828,0.9943105257802174,0.9954135631589176,0.9974571604783695,0.9993826334960306,1.0030282029048303,1.0079754886746426,1.0119833709260964,0.0,0.3333333333333333
section 3 and rule 2 floor,GLD,2012,12,0.996708217211488,0.9893527467314687,0.9925022608877629,0.9952957770178292,0.9964177428838105,0.998034950235346,1.000756324424649,1.0049519240111449,0.0,0.16666666666666666
section 3 and rule 2 floor,GLD,2013,12,0.9990442875174006,0.9952101634719217,0.9955462669816201,0.9959519124768035,0.9989441688418772,1.0003231205349756,1.00388409460018,1.0050548375338626,0.0,0.3333333333333333
section 3 and rule 2 floor,GLD,2014,12,0.9985671556058735,0.9946932890049642,0.9949625278731036,0.9961763726544226,0.9995798365414205,1.0003919988170056,1.0012441178666862,1.0014483836639372,0.0,0.4166666666666667
section 3 and rule 2 floor,GLD,2015,12,0.9973604316862863,0.9950797516446825,0.9953114153978061,0.9956118291633422,0.9963467293529822,0.9997155438465664,1.0002015960603723,1.0003142138301286,0.0,0.25
section 3 and rule 2 floor,GLD,2016,12,0.997705248976097,0.995633030937185,0.9961525502097054,0.9966951829242058,0.9975989330222187,0.9989624999016464,0.9997050900940653,0.9997697132814002,0.0,0.0
section 3 and rule 2 floor,GLD,2017,12,0.9958881806292018,0.9943117325603039,0.9945435233076428,0.9954950984037993,0.99612783895377,0.9963490579885467,0.996464617822069,0.9971409524002366,0.0,0.0
section 3 and rule 2 floor,GLD,2018,12,0.9948629414498161,0.99306220870858,0.9939909788693112,0.994223284025046,0.9945608016101514,0.9954524753418157,0.9961800029918946,0.997039910077092,0.0,0.0
section 3 and rule 2 floor,GLD,2019,12,0.9960021036993548,0.9902165140001361,0.9910798788705386,0.9951886620918104,0.9969315480681407,0.9979932253511556,0.9982755403248057,0.9985719896777022,0.0,0.0
section 3 and rule 2 floor,GLD,2020,12,0.9975726117547378,0.9955185386109924,0.996579858774249,0.9971275707159396,0.997628612176171,0.9979617535164749,0.9986870862921746,0.9995130627947844,0.0,0.08333333333333333
section 3 and rule 2 floor,GLD,2021,12,0.9981108659373804,0.9961193708618119,0.997009854576629,0.9970891916811051,0.9985010491601595,0.9988381656166493,0.9993181051099163,0.9996145956836716,0.0,0.0
section 3 and rule 2 floor,GLD,2022,12,0.9986260996554787,0.9971811311060181,0.9972580224307193,0.997928057097002,0.9987954061682314,0.999302757062889,0.9994184472502194,0.9998656784512633,0.0,0.08333333333333333
section 3 and rule 2 floor,GLD,2023,12,0.9987068329597357,0.9971783902596576,0.9973017243196384,0.9977517870500611,0.9986332596212633,0.9996104730949888,1.0001020312353004,1.0003366193576633,0.0,0.16666666666666666
section 3 and rule 2 floor,GLD,2024,12,1.0005473387959287,0.9937213295999573,0.9957915285673897,0.9981699109635799,0.9997356193495681,1.0047558873889106,1.006290348807851,1.007673659802934,0.0,0.3333333333333333
section 3 and rule 2 floor,GLD,2025,7,0.9992418833341833,0.9965964554253229,0.9974351603594112,0.998840652273873,0.9992769269952432,1.0001242392489897,1.0011887870441698,1.0014587549256244,0.0,0.2857142857142857
section 3 and rule 2 floor,GLD,ALL,206,0.9970493703245459,0.9865154601583453,0.9921549405885921,0.9955337845728965,0.9975507582626199,0.9993221644133754,1.000525807197635,1.0038301321043344,0.0,0.1553398058252427
section 3 and rule 2 floor,SLV,2010,2,1.0074764768048143,1.0074581474855404,1.007460184076571,1.0074662938496621,1.0074764768048143,1.0074866597599663,1.0074927695330578,1.007494806124088,0.0,1.0
section 3 and rule 2 floor,SLV,2011,12,0.9978380556950227,0.9853328247034202,0.9864003871010937,0.9961949233183888,1.0009801867192794,1.0017667585441232,1.0029331979435527,1.0043846665736533,0.0,0.5833333333333334
section 3 and rule 2 floor,SLV,2012,12,0.9971971004808627,0.9924889330544502,0.9927202105530369,0.9941632609048385,0.9967900551263541,0.9988543729297403,1.0029728277228531,1.0038769513298849,0.0,0.25
section 3 and rule 2 floor,SLV,2013,9,1.000595505048554,0.9942862547530006,0.9948093839453991,0.9957201012682434,0.9983336289975039,1.0039249875947216,1.0084808888904764,1.0114953560432454,0.0,0.4444444444444444
section 3 and rule 2 floor,SLV,2014,9,1.004110852827951,0.99844161885904,0.9985825845603815,1.001256311645214,1.0047435396003843,1.00641476249271,1.009108275442476,1.0097684048443836,0.0,0.7777777777777778
section 3 and rule 2 floor,SLV,2015,4,1.008234508680511,1.0051716630036662,1.0052689245186421,1.00556070906357,1.0065492880457025,1.0092230876626433,1.012548269350226,1.0136566632460866,0.0,1.0
section 3 and rule 2 floor,SLV,2016,2,1.0048800549462102,1.0028613379078535,1.0030856398010042,1.0037585454804565,1.0048800549462102,1.006001564411964,1.0066744700914163,1.006898771984567,0.0,1.0
section 3 and rule 2 floor,SLV,2019,1,1.0063634960388923,1.0063634960388923,1.0063634960388923,1.0063634960388923,1.0063634960388923,1.0063634960388923,1.0063634960388923,1.0063634960388923,0.0,1.0
section 3 and rule 2 floor,SLV,2020,10,0.9975380781724636,0.9927916553930044,0.9932982444112993,0.9948428352268166,0.9979105301282147,0.9990497553997455,1.002261879212868,1.0025538478169074,0.0,0.2
section 3 and rule 2 floor,SLV,2021,12,0.997934138047531,0.9937514116465216,0.9939717207150116,0.9963590353534402,0.9980830590416498,0.9996650369644593,1.0002756001494952,1.0019401361922706,0.0,0.16666666666666666
section 3 and rule 2 floor,SLV,2022,12,0.9997179368447319,0.9949381023414774,0.9968890994485805,0.9980265934486018,0.9994601858323947,1.0008485456900686,1.0043668835767372,1.0059289165472909,0.0,0.3333333333333333
section 3 and rule 2 floor,SLV,2023,12,1.0029674297419457,0.9984546775535988,0.9988639899850424,1.0011318333633727,1.0022630063142688,1.0056919024881006,1.0067730876339116,1.0071953134930836,0.0,0.8333333333333334
section 3 and rule 2 floor,SLV,2024,11,0.9998438829846741,0.9964247984250063,0.9979931179147137,0.9985514429927222,0.9994817434777203,1.000942593900764,1.0024470119347648,1.0041874275988953,0.0,0.36363636363636365
section 3 and rule 2 floor,SLV,2025,7,0.9983163702094048,0.9967758356496164,0.9971126811012427,0.9975831860885909,0.9976720285248553,0.9986076597779809,1.0000471537613542,1.0008845173855991,0.0,0.14285714285714285
section 3 and rule 2 floor,SLV,ALL,115,1.0001400507034308,0.9926694345969834,0.9940146065719836,0.9974201442313181,0.999562965474673,1.0030753261237988,1.0066960068090567,1.0074978491815647,0.0,0.4608695652173913
section 3 and rule 2 floor,UNG,2007,3,0.9711707143308229,0.9562432401972992,0.9582078351536432,0.9641016200226749,0.9739245948043945,0.9796167488757568,0.9830320413185742,0.9841704721328467,0.0,0.0
section 3 and rule 2 floor,UNG,2008,6,0.9846706283795941,0.9810393547608856,0.9811008789138609,0.9817228966105681,0.9846336150943071,0.9871457849477798,0.9882773911306142,0.988660134298364,0.0,0.0
section 3 and rule 2 floor,UNG,2012,2,1.0097736084026672,1.0090073381311138,1.0090924792723974,1.0093479026962486,1.0097736084026672,1.0101993141090857,1.010454737532937,1.0105398786742206,0.0,1.0
section 3 and rule 2 floor,UNG,2014,5,0.9919014527785354,0.974732258718929,0.9775815961026711,0.9861296082538977,0.9866235465880175,0.9991448896590768,1.0090937346975297,1.0124100163770142,0.0,0.2
section 3 and rule 2 floor,UNG,2015,1,0.9761568546847479,0.9761568546847479,0.9761568546847479,0.9761568546847479,0.9761568546847479,0.9761568546847479,0.9761568546847479,0.9761568546847479,0.0,0.0
section 3 and rule 2 floor,UNG,2018,3,0.9952488290989266,0.9897991182736451,0.990747326411512,0.9935919508251128,0.9983329915144472,0.998447788580501,0.9985166668201332,0.9985396262333439,0.0,0.0
section 3 and rule 2 floor,UNG,2019,6,0.9959066264676597,0.9872169021623112,0.9884738103938966,0.9915050118063625,0.9931844946962018,1.0027732559090252,1.0060615743128802,1.0061288279863296,0.0,0.3333333333333333
section 3 and rule 2 floor,UNG,2020,7,0.9960845316167034,0.9908885018201786,0.9910409607164575,0.9920539770770305,0.9951609746778354,0.9990982001155826,1.001379148939078,1.0028847491345199,0.0,0.14285714285714285
section 3 and rule 2 floor,UNG,2021,3,0.9973264488797305,0.995325908568051,0.9956379420166173,0.9965740423623162,0.9981342096051475,0.9984827357598535,0.998691851452677,0.9987615566836182,0.0,0.0
section 3 and rule 2 floor,UNG,2022,8,0.9846926594659556,0.9549053149322125,0.9596112117175897,0.977289230484973,0.9926659219987013,0.9982797738570467,0.9992382719939858,0.9993019692744761,0.0,0.0
section 3 and rule 2 floor,UNG,2023,1,0.9976292218017991,0.9976292218017991,0.9976292218017991,0.9976292218017991,0.9976292218017991,0.9976292218017991,0.9976292218017991,0.9976292218017991,0.0,0.0
section 3 and rule 2 floor,UNG,2024,11,0.938051709024175,0.8189415193529366,0.8242167288487849,0.9018510847837091,0.9850995862710409,0.9932651302792549,0.9987133776434778,1.0015429614569658,0.45454545454545453,0.09090909090909091
section 3 and rule 2 floor,UNG,2025,4,0.9677030057808205,0.9107796596094516,0.9173838662738936,0.9371964862672194,0.9665662272958098,0.9970727468094107,1.018931568075756,1.0262178418312042,0.5,0.25
section 3 and rule 2 floor,UNG,ALL,60,0.9794509313771714,0.9035458067951103,0.9450617386201592,0.981684002906519,0.9908618348904836,0.9986002836457855,1.0045440210935639,1.0090073381311138,0.11666666666666667,0.13333333333333333
section 3 and rule 2 floor,USO,2007,5,0.9817044398849774,0.969245196546185,0.9704243287187011,0.9739617252362492,0.9790917444652913,0.9869819681404277,0.9950452055817207,0.997732951395485,0.0,0.2
section 3 and rule 2 floor,USO,2008,10,0.9855372701071081,0.9674637706978608,0.9710903429345872,0.9848766398700806,0.9893123717200119,0.9915457791666313,0.9921678581549762,0.993498895261951,0.0,0.0
section 3 and rule 2 floor,USO,2009,12,0.989836316024492,0.9769568567750165,0.9815024666224721,0.9856630026744677,0.9874223655376695,0.9916843447163637,1.0061771717176906,1.008783689306346,0.0,0.16666666666666666
section 3 and rule 2 floor,USO,2010,10,1.0076922486307673,0.9983657145165271,0.9984492363665188,1.003905258242638,1.0061710992456843,1.010504932785035,1.0170687948568249,1.0201707050267514,0.0,0.8
section 3 and rule 2 floor,USO,2011,12,1.0029065216408741,0.9946210435948278,0.9985012035558066,0.9994850691128326,1.0025401108555791,1.0051653864558774,1.0079105534497277,1.0126006608225133,0.0,0.6666666666666666
section 3 and rule 2 floor,USO,2012,12,1.0059882887854539,0.9968041940898484,0.9969720269449652,0.9972739008261736,1.0091238813079615,1.0112794436286605,1.0134301837533415,1.0137324278043467,0.0,0.6666666666666666
section 3 and rule 2 floor,USO,2013,12,1.0042137258262545,0.9943398057574308,0.9952678387045575,0.9969016269276967,1.0001295586141463,1.00260697817543,1.0144825179780252,1.028907903982667,0.0,0.5
section 3 and rule 2 floor,USO,2014,12,1.0050837389582725,0.9920394903502051,0.9922459048909601,0.9938440497683798,1.0004061899582828,1.0103193428620876,1.023144223265927,1.0329691878905782,0.0,0.5
section 3 and rule 2 floor,USO,2015,11,1.0039622868853846,0.9953873836011109,0.9959151850589754,1.0000467946526275,1.0018371995804964,1.0068010535786989,1.011073622957492,1.0163421715921812,0.0,0.7272727272727273
section 3 and rule 2 floor,USO,2016,2,1.007898812150438,1.0055291181507247,1.0057924174840263,1.0065823154839306,1.007898812150438,1.0092153088169453,1.0100052068168497,1.0102685061501513,0.0,1.0
section 3 and rule 2 floor,USO,2018,1,1.0037794779597524,1.0037794779597524,1.0037794779597524,1.0037794779597524,1.0037794779597524,1.0037794779597524,1.0037794779597524,1.0037794779597524,0.0,1.0
section 3 and rule 2 floor,USO,2019,2,1.0093734165171853,1.0084344106643406,1.0085387446479899,1.0088517465989382,1.0093734165171853,1.0098950864354321,1.0102080883863804,1.0103124223700297,0.0,1.0
section 3 and rule 2 floor,USO,2020,10,0.9927620808230989,0.9775195894540729,0.98076002608849,0.985143617834154,0.9927317026524385,0.9991347992347296,1.0032809708594403,1.0089191170386045,0.0,0.2
section 3 and rule 2 floor,USO,2021,12,0.9666899634473971,0.8781350556067535,0.8986704872754716,0.9656502699301504,0.9884971612570541,0.9954891737871703,0.9974253248235045,0.9999735856155431,0.25,0.08333333333333333
section 3 and rule 2 floor,USO,2022,12,0.9914553177938266,0.9785098398763326,0.9799874035865762,0.9892869815840863,0.9923571457070224,0.9959242485387737,1.0003448665427568,1.0008069483483146,0.0,0.16666666666666666
section 3 and rule 2 floor,USO,2023,12,0.985784810601683,0.9495384023750636,0.9596007863287267,0.9722656355768299,0.986140011984,1.0011485585675117,1.0080087549271817,1.0175846972985936,0.08333333333333333,0.3333333333333333
section 3 and rule 2 floor,USO,2024,12,0.98681628947765,0.9654961714110516,0.9676128869534981,0.9759550956971821,0.9874187578442333,0.9968562939633163,1.002367677242342,1.0043728638754699,0.0,0.25
section 3 and rule 2 floor,USO,2025,7,0.9685097950744709,0.9067926155791274,0.9076047747160718,0.9481062423684308,0.9902220982017521,0.9933139948367538,0.9966450943685333,0.9985853154177627,0.2857142857142857,0.14285714285714285
section 3 and rule 2 floor,USO,ALL,166,0.9933446718208494,0.9643291673842685,0.9749195517639095,0.9878767320879395,0.9967749980333445,1.004095404148787,1.0106032721774163,1.015161479223755,0.03614457831325301,0.39156626506024095
