ticker,cycle,arm,hedge_days,fallback_leg_days,carried_hedge_days,carried_hedge_share
GLD,1,straddle,18,2,0,0.0
GLD,1,strip,18,5,0,0.0
GLD,2,straddle,19,6,4,0.21052631578947367
GLD,2,strip,19,35,4,0.21052631578947367
GLD,3,straddle,23,0,0,0.0
GLD,3,strip,23,0,0,0.0
GLD,4,straddle,19,1,0,0.0
GLD,4,strip,19,8,0,0.0
GLD,5,straddle,24,2,1,0.041666666666666664
GLD,5,strip,24,5,0,0.0
GLD,6,straddle,18,0,0,0.0
GLD,6,strip,18,6,0,0.0
GLD,7,straddle,17,0,0,0.0
GLD,7,strip,17,1,0,0.0
GLD,8,straddle,22,3,2,0.09090909090909091
GLD,8,strip,22,16,2,0.09090909090909091
GLD,9,straddle,19,0,0,0.0
GLD,9,strip,19,0,0,0.0
GLD,10,straddle,18,1,0,0.0
GLD,10,strip,18,3,1,0.05555555555555555
GLD,11,straddle,19,1,0,0.0
GLD,11,strip,19,1,0,0.0
GLD,12,straddle,23,0,0,0.0
GLD,12,strip,23,0,0,0.0
GLD,13,straddle,18,0,0,0.0
GLD,13,strip,18,1,0,0.0
GLD,14,straddle,24,0,0,0.0
GLD,14,strip,24,0,0,0.0
GLD,15,straddle,18,4,2,0.1111111111111111
GLD,15,strip,18,11,2,0.1111111111111111
GLD,16,straddle,19,1,0,0.0
GLD,16,strip,19,2,0,0.0
GLD,17,straddle,24,1,0,0.0
GLD,17,strip,24,6,0,0.0
GLD,18,straddle,18,1,0,0.0
GLD,18,strip,18,3,0,0.0
GLD,19,straddle,17,1,0,0.0
GLD,19,strip,17,4,0,0.0
GLD,20,straddle,22,0,0,0.0
GLD,20,strip,22,0,0,0.0
GLD,21,straddle,19,0,0,0.0
GLD,21,strip,19,0,0,0.0
GLD,22,straddle,18,1,0,0.0
GLD,22,strip,18,2,0,0.0
GLD,23,straddle,24,1,0,0.0
GLD,23,strip,24,1,0,0.0
GLD,24,straddle,18,1,0,0.0
GLD,24,strip,18,4,0,0.0
GLD,25,straddle,18,0,0,0.0
GLD,25,strip,18,0,0,0.0
GLD,26,straddle,24,1,0,0.0
GLD,26,strip,24,2,0,0.0
GLD,27,straddle,18,3,2,0.1111111111111111
GLD,27,strip,18,7,2,0.1111111111111111
GLD,28,straddle,19,1,0,0.0
GLD,28,strip,19,2,0,0.0
GLD,29,straddle,24,0,0,0.0
GLD,29,strip,24,0,0,0.0
GLD,30,straddle,18,0,0,0.0
GLD,30,strip,18,0,0,0.0
GLD,31,straddle,22,1,0,0.0
GLD,31,strip,22,4,0,0.0
GLD,32,straddle,19,1,0,0.0
GLD,32,strip,19,4,0,0.0
GLD,33,straddle,18,0,0,0.0
GLD,33,strip,18,0,0,0.0
GLD,34,straddle,19,1,0,0.0
GLD,34,strip,19,2,0,0.0
GLD,35,straddle,23,0,0,0.0
GLD,35,strip,23,0,0,0.0
GLD,36,straddle,18,0,0,0.0
GLD,36,strip,18,0,0,0.0
GLD,37,straddle,18,1,0,0.0
GLD,37,strip,18,2,0,0.0
GLD,38,straddle,24,1,0,0.0
GLD,38,strip,24,15,0,0.0
GLD,39,straddle,18,0,0,0.0
GLD,39,strip,18,0,0,0.0
GLD,40,straddle,24,2,0,0.0
GLD,40,strip,24,5,0,0.0
GLD,41,straddle,19,0,0,0.0
GLD,41,strip,19,13,2,0.10526315789473684
GLD,42,straddle,18,1,0,0.0
GLD,42,strip,18,11,0,0.0
GLD,43,straddle,21,0,0,0.0
GLD,43,strip,21,4,2,0.09523809523809523
GLD,44,straddle,19,0,0,0.0
GLD,44,strip,19,0,0,0.0
GLD,45,straddle,18,2,1,0.05555555555555555
GLD,45,strip,18,15,1,0.05555555555555555
GLD,46,straddle,23,0,0,0.0
GLD,46,strip,23,0,0,0.0
GLD,47,straddle,19,2,1,0.05263157894736842
GLD,47,strip,19,6,1,0.05263157894736842
GLD,48,straddle,18,0,0,0.0
GLD,48,strip,18,1,0,0.0
GLD,49,straddle,23,0,0,0.0
GLD,49,strip,23,0,0,0.0
GLD,50,straddle,19,0,0,0.0
GLD,50,strip,19,0,0,0.0
GLD,51,straddle,23,2,1,0.043478260869565216
GLD,51,strip,23,22,1,0.043478260869565216
GLD,52,straddle,19,0,0,0.0
GLD,52,strip,19,0,0,0.0
GLD,53,straddle,17,0,0,0.0
GLD,53,strip,17,0,0,0.0
GLD,54,straddle,23,0,0,0.0
GLD,54,strip,23,1,0,0.0
GLD,55,straddle,17,0,0,0.0
GLD,55,strip,17,0,0,0.0
GLD,56,straddle,18,1,0,0.0
GLD,56,strip,18,1,0,0.0
GLD,57,straddle,18,0,0,0.0
GLD,57,strip,18,0,0,0.0
GLD,58,straddle,23,1,0,0.0
GLD,58,strip,23,7,0,0.0
GLD,59,straddle,19,0,0,0.0
GLD,59,strip,19,0,0,0.0
GLD,60,straddle,23,0,0,0.0
GLD,60,strip,23,0,0,0.0
GLD,61,straddle,18,0,0,0.0
GLD,61,strip,18,0,0,0.0
GLD,62,straddle,19,0,0,0.0
GLD,62,strip,19,1,0,0.0
GLD,63,straddle,23,0,0,0.0
GLD,63,strip,23,0,0,0.0
GLD,64,straddle,19,0,0,0.0
GLD,64,strip,19,0,0,0.0
GLD,65,straddle,19,0,0,0.0
GLD,65,strip,19,0,0,0.0
GLD,66,straddle,23,0,0,0.0
GLD,66,strip,23,0,0,0.0
GLD,67,straddle,17,1,0,0.0
GLD,67,strip,17,2,0,0.0
GLD,68,straddle,22,1,0,0.0
GLD,68,strip,22,8,0,0.0
GLD,69,straddle,19,0,0,0.0
GLD,69,strip,19,0,0,0.0
GLD,70,straddle,18,0,0,0.0
GLD,70,strip,18,0,0,0.0
GLD,71,straddle,19,0,0,0.0
GLD,71,strip,19,0,0,0.0
GLD,72,straddle,23,1,0,0.0
GLD,72,strip,23,2,0,0.0
GLD,73,straddle,18,0,0,0.0
GLD,73,strip,18,0,0,0.0
GLD,74,straddle,19,0,0,0.0
GLD,74,strip,19,0,0,0.0
GLD,75,straddle,23,2,1,0.043478260869565216
GLD,75,strip,23,19,1,0.043478260869565216
GLD,76,straddle,19,0,0,0.0
GLD,76,strip,19,0,0,0.0
GLD,77,straddle,24,2,0,0.0
GLD,77,strip,24,8,0,0.0
GLD,78,straddle,18,0,0,0.0
GLD,78,strip,18,0,0,0.0
GLD,79,straddle,17,0,0,0.0
GLD,79,strip,17,6,0,0.0
GLD,80,straddle,22,1,0,0.0
GLD,80,strip,22,12,2,0.09090909090909091
GLD,81,straddle,19,1,0,0.0
GLD,81,strip,19,3,0,0.0
GLD,82,straddle,18,0,0,0.0
GLD,82,strip,18,0,0,0.0
GLD,83,straddle,19,1,0,0.0
GLD,83,strip,19,2,0,0.0
GLD,84,straddle,23,0,0,0.0
GLD,84,strip,23,0,0,0.0
GLD,85,straddle,18,1,0,0.0
GLD,85,strip,18,1,0,0.0
GLD,86,straddle,24,2,1,0.041666666666666664
GLD,86,strip,24,7,1,0.041666666666666664
GLD,87,straddle,18,0,0,0.0
GLD,87,strip,18,0,0,0.0
GLD,88,straddle,19,1,0,0.0
GLD,88,strip,19,7,1,0.05263157894736842
GLD,89,straddle,24,3,1,0.041666666666666664
GLD,89,strip,24,22,0,0.0
GLD,90,straddle,18,0,0,0.0
GLD,90,strip,18,0,0,0.0
GLD,91,straddle,17,0,0,0.0
GLD,91,strip,17,0,0,0.0
GLD,92,straddle,22,2,0,0.0
GLD,92,strip,22,25,0,0.0
GLD,93,straddle,19,1,0,0.0
GLD,93,strip,19,7,0,0.0
GLD,94,straddle,18,0,0,0.0
GLD,94,strip,18,0,0,0.0
GLD,95,straddle,24,1,0,0.0
GLD,95,strip,24,1,0,0.0
GLD,96,straddle,18,1,0,0.0
GLD,96,strip,18,5,1,0.05555555555555555
GLD,97,straddle,18,3,1,0.05555555555555555
GLD,97,strip,18,13,1,0.05555555555555555
GLD,98,straddle,24,0,0,0.0
GLD,98,strip,24,0,0,0.0
GLD,99,straddle,18,0,0,0.0
GLD,99,strip,18,0,0,0.0
GLD,100,straddle,24,2,0,0.0
GLD,100,strip,24,7,0,0.0
GLD,101,straddle,19,1,0,0.0
GLD,101,strip,19,6,0,0.0
GLD,102,straddle,18,1,0,0.0
GLD,102,strip,18,13,0,0.0
GLD,103,straddle,21,2,1,0.047619047619047616
GLD,103,strip,21,7,1,0.047619047619047616
GLD,104,straddle,19,0,0,0.0
GLD,104,strip,19,1,0,0.0
GLD,105,straddle,18,1,0,0.0
GLD,105,strip,18,1,0,0.0
GLD,106,straddle,23,2,0,0.0
GLD,106,strip,23,10,0,0.0
GLD,107,straddle,19,3,1,0.05263157894736842
GLD,107,strip,19,13,3,0.15789473684210525
GLD,108,straddle,18,0,0,0.0
GLD,108,strip,18,0,0,0.0
GLD,109,straddle,23,0,0,0.0
GLD,109,strip,23,0,0,0.0
GLD,110,straddle,19,0,0,0.0
GLD,110,strip,19,1,0,0.0
GLD,111,straddle,18,0,0,0.0
GLD,111,strip,18,1,0,0.0
GLD,112,straddle,24,1,0,0.0
GLD,112,strip,24,0,0,0.0
GLD,113,straddle,19,0,0,0.0
GLD,113,strip,19,0,0,0.0
GLD,114,straddle,18,1,0,0.0
GLD,114,strip,18,2,0,0.0
GLD,115,straddle,21,2,0,0.0
GLD,115,strip,21,15,1,0.047619047619047616
GLD,116,straddle,19,0,0,0.0
GLD,116,strip,19,1,0,0.0
GLD,117,straddle,18,0,0,0.0
GLD,117,strip,18,0,0,0.0
GLD,118,straddle,23,0,0,0.0
GLD,118,strip,23,1,0,0.0
GLD,119,straddle,19,2,1,0.05263157894736842
GLD,119,strip,19,5,2,0.10526315789473684
GLD,120,straddle,18,0,0,0.0
GLD,120,strip,18,0,0,0.0
GLD,121,straddle,23,0,0,0.0
GLD,121,strip,23,4,0,0.0
GLD,122,straddle,19,2,0,0.0
GLD,122,strip,19,7,0,0.0
GLD,123,straddle,23,1,0,0.0
GLD,123,strip,23,2,0,0.0
GLD,124,straddle,19,0,0,0.0
GLD,124,strip,19,0,0,0.0
GLD,125,straddle,19,0,0,0.0
GLD,125,strip,19,0,0,0.0
GLD,126,straddle,22,1,0,0.0
GLD,126,strip,22,6,0,0.0
GLD,127,straddle,17,1,0,0.0
GLD,127,strip,17,2,0,0.0
GLD,128,straddle,18,1,0,0.0
GLD,128,strip,18,4,0,0.0
GLD,129,straddle,18,4,1,0.05555555555555555
GLD,129,strip,18,13,1,0.05555555555555555
GLD,130,straddle,23,2,0,0.0
GLD,130,strip,23,7,1,0.043478260869565216
GLD,131,straddle,19,1,0,0.0
GLD,131,strip,19,2,0,0.0
GLD,132,straddle,23,8,6,0.2608695652173913
GLD,132,strip,23,40,6,0.2608695652173913
GLD,133,straddle,18,0,0,0.0
GLD,133,strip,18,0,0,0.0
GLD,134,straddle,19,1,0,0.0
GLD,134,strip,19,13,0,0.0
GLD,135,straddle,23,0,0,0.0
GLD,135,strip,23,0,0,0.0
GLD,136,straddle,19,0,0,0.0
GLD,136,strip,19,0,0,0.0
GLD,137,straddle,19,0,0,0.0
GLD,137,strip,19,0,0,0.0
GLD,138,straddle,23,0,0,0.0
GLD,138,strip,23,0,0,0.0
GLD,139,straddle,17,4,2,0.11764705882352941
GLD,139,strip,17,17,2,0.11764705882352941
GLD,140,straddle,22,1,0,0.0
GLD,140,strip,22,3,0,0.0
GLD,141,straddle,19,1,0,0.0
GLD,141,strip,19,21,0,0.0
GLD,142,straddle,18,2,0,0.0
GLD,142,strip,18,18,0,0.0
GLD,143,straddle,19,0,0,0.0
GLD,143,strip,19,3,0,0.0
GLD,144,straddle,23,0,0,0.0
GLD,144,strip,23,0,0,0.0
GLD,145,straddle,18,3,2,0.1111111111111111
GLD,145,strip,18,4,2,0.1111111111111111
GLD,146,straddle,24,0,0,0.0
GLD,146,strip,24,0,0,0.0
GLD,147,straddle,18,0,0,0.0
GLD,147,strip,18,3,0,0.0
GLD,148,straddle,19,0,0,0.0
GLD,148,strip,19,0,0,0.0
GLD,149,straddle,24,0,0,0.0
GLD,149,strip,24,0,0,0.0
GLD,150,straddle,18,0,0,0.0
GLD,150,strip,18,0,0,0.0
GLD,151,straddle,17,0,0,0.0
GLD,151,strip,17,0,0,0.0
GLD,152,straddle,22,2,1,0.045454545454545456
GLD,152,strip,22,3,1,0.045454545454545456
GLD,153,straddle,19,3,1,0.05263157894736842
GLD,153,strip,19,14,1,0.05263157894736842
GLD,154,straddle,18,0,0,0.0
GLD,154,strip,18,0,0,0.0
GLD,155,straddle,24,2,1,0.041666666666666664
GLD,155,strip,24,20,1,0.041666666666666664
GLD,156,straddle,18,0,0,0.0
GLD,156,strip,18,0,0,0.0
GLD,157,straddle,18,1,0,0.0
GLD,157,strip,18,4,0,0.0
GLD,158,straddle,24,0,0,0.0
GLD,158,strip,24,0,0,0.0
GLD,159,straddle,18,1,0,0.0
GLD,159,strip,18,3,0,0.0
GLD,160,straddle,19,0,0,0.0
GLD,160,strip,19,0,0,0.0
GLD,161,straddle,24,3,1,0.041666666666666664
GLD,161,strip,24,30,1,0.041666666666666664
GLD,162,straddle,18,0,0,0.0
GLD,162,strip,18,0,0,0.0
GLD,163,straddle,22,0,0,0.0
GLD,163,strip,22,1,0,0.0
GLD,164,straddle,19,0,0,0.0
GLD,164,strip,19,0,0,0.0
GLD,165,straddle,18,1,0,0.0
GLD,165,strip,18,2,0,0.0
GLD,166,straddle,18,0,0,0.0
GLD,166,strip,18,0,0,0.0
GLD,167,straddle,24,3,2,0.08333333333333333
GLD,167,strip,24,27,2,0.08333333333333333
GLD,168,straddle,18,0,0,0.0
GLD,168,strip,18,1,0,0.0
GLD,169,straddle,17,0,0,0.0
GLD,169,strip,17,0,0,0.0
GLD,170,straddle,24,0,0,0.0
GLD,170,strip,24,1,0,0.0
GLD,171,straddle,18,0,0,0.0
GLD,171,strip,18,0,0,0.0
GLD,172,straddle,24,1,0,0.0
GLD,172,strip,24,3,0,0.0
GLD,173,straddle,19,3,1,0.05263157894736842
GLD,173,strip,19,14,1,0.05263157894736842
GLD,174,straddle,18,0,0,0.0
GLD,174,strip,18,0,0,0.0
GLD,175,straddle,21,3,1,0.047619047619047616
GLD,175,strip,21,28,2,0.09523809523809523
GLD,176,straddle,19,2,0,0.0
GLD,176,strip,19,19,1,0.05263157894736842
GLD,177,straddle,18,1,0,0.0
GLD,177,strip,18,4,0,0.0
GLD,178,straddle,23,0,0,0.0
GLD,178,strip,23,0,0,0.0
GLD,179,straddle,19,1,0,0.0
GLD,179,strip,19,1,0,0.0
GLD,180,straddle,18,1,0,0.0
GLD,180,strip,18,1,0,0.0
GLD,181,straddle,22,0,0,0.0
GLD,181,strip,22,0,0,0.0
GLD,182,straddle,19,3,1,0.05263157894736842
GLD,182,strip,19,16,1,0.05263157894736842
GLD,183,straddle,18,0,0,0.0
GLD,183,strip,18,0,0,0.0
GLD,184,straddle,24,6,4,0.16666666666666666
GLD,184,strip,24,41,5,0.20833333333333334
GLD,185,straddle,19,0,0,0.0
GLD,185,strip,19,0,0,0.0
GLD,186,straddle,18,1,0,0.0
GLD,186,strip,18,2,0,0.0
GLD,187,straddle,21,1,0,0.0
GLD,187,strip,21,1,0,0.0
GLD,188,straddle,19,1,0,0.0
GLD,188,strip,19,2,0,0.0
GLD,189,straddle,18,2,0,0.0
GLD,189,strip,18,21,0,0.0
GLD,190,straddle,23,2,0,0.0
GLD,190,strip,23,4,0,0.0
GLD,191,straddle,19,0,0,0.0
GLD,191,strip,19,0,0,0.0
GLD,192,straddle,22,8,6,0.2727272727272727
GLD,192,strip,22,13,6,0.2727272727272727
GLD,193,straddle,18,0,0,0.0
GLD,193,strip,18,1,0,0.0
GLD,194,straddle,19,0,0,0.0
GLD,194,strip,19,0,0,0.0
GLD,195,straddle,23,0,0,0.0
GLD,195,strip,23,0,0,0.0
GLD,196,straddle,19,0,0,0.0
GLD,196,strip,19,0,0,0.0
GLD,197,straddle,19,2,0,0.0
GLD,197,strip,19,14,2,0.10526315789473684
GLD,198,straddle,23,0,0,0.0
GLD,198,strip,23,0,0,0.0
GLD,199,straddle,16,1,0,0.0
GLD,199,strip,16,1,0,0.0
GLD,200,straddle,22,10,8,0.36363636363636365
GLD,200,strip,22,53,10,0.45454545454545453
GLD,201,straddle,19,0,0,0.0
GLD,201,strip,19,0,0,0.0
GLD,202,straddle,18,0,0,0.0
GLD,202,strip,18,0,0,0.0
GLD,203,straddle,19,0,0,0.0
GLD,203,strip,19,15,2,0.10526315789473684
GLD,204,straddle,22,0,0,0.0
GLD,204,strip,22,0,0,0.0
GLD,205,straddle,18,0,0,0.0
GLD,205,strip,18,0,0,0.0
GLD,206,straddle,19,1,0,0.0
GLD,206,strip,19,3,0,0.0
SLV,1,straddle,17,0,0,0.0
SLV,1,strip,17,2,0,0.0
SLV,2,straddle,22,4,0,0.0
SLV,2,strip,22,11,1,0.045454545454545456
SLV,3,straddle,19,1,0,0.0
SLV,3,strip,19,3,0,0.0
SLV,4,straddle,18,2,0,0.0
SLV,4,strip,18,1,0,0.0
SLV,5,straddle,19,2,1,0.05263157894736842
SLV,5,strip,19,9,1,0.05263157894736842
SLV,6,straddle,23,0,0,0.0
SLV,6,strip,23,4,0,0.0
SLV,7,straddle,18,0,0,0.0
SLV,7,strip,18,0,0,0.0
SLV,8,straddle,24,2,0,0.0
SLV,8,strip,24,2,0,0.0
SLV,9,straddle,18,7,6,0.3333333333333333
SLV,9,strip,18,19,7,0.3888888888888889
SLV,10,straddle,19,0,0,0.0
SLV,10,strip,19,5,4,0.21052631578947367
SLV,11,straddle,24,0,0,0.0
SLV,11,strip,24,0,0,0.0
SLV,12,straddle,18,0,0,0.0
SLV,12,strip,18,0,0,0.0
SLV,13,straddle,17,4,2,0.11764705882352941
SLV,13,strip,17,8,2,0.11764705882352941
SLV,14,straddle,22,7,4,0.18181818181818182
SLV,14,strip,22,9,4,0.18181818181818182
SLV,15,straddle,19,0,0,0.0
SLV,15,strip,19,3,0,0.0
SLV,16,straddle,18,2,1,0.05555555555555555
SLV,16,strip,18,5,1,0.05555555555555555
SLV,17,straddle,24,1,0,0.0
SLV,17,strip,24,1,0,0.0
SLV,18,straddle,18,0,0,0.0
SLV,18,strip,18,0,0,0.0
SLV,19,straddle,18,0,0,0.0
SLV,19,strip,18,0,0,0.0
SLV,20,straddle,24,0,0,0.0
SLV,20,strip,24,0,0,0.0
SLV,21,straddle,18,3,2,0.1111111111111111
SLV,21,strip,18,9,2,0.1111111111111111
SLV,22,straddle,19,5,2,0.10526315789473684
SLV,22,strip,19,10,2,0.10526315789473684
SLV,23,straddle,24,1,0,0.0
SLV,23,strip,24,3,0,0.0
SLV,24,straddle,18,1,0,0.0
SLV,24,strip,18,2,0,0.0
SLV,25,straddle,22,1,0,0.0
SLV,25,strip,22,0,0,0.0
SLV,26,straddle,19,4,3,0.15789473684210525
SLV,26,strip,19,11,3,0.15789473684210525
SLV,27,straddle,18,1,0,0.0
SLV,27,strip,18,2,0,0.0
SLV,28,straddle,19,2,0,0.0
SLV,28,strip,19,10,0,0.0
SLV,29,straddle,23,1,0,0.0
SLV,29,strip,23,7,0,0.0
SLV,30,straddle,18,0,0,0.0
SLV,30,strip,18,7,1,0.05555555555555555
SLV,31,straddle,18,0,0,0.0
SLV,31,strip,18,6,1,0.05555555555555555
SLV,32,straddle,24,0,0,0.0
SLV,32,strip,24,1,0,0.0
SLV,33,straddle,18,3,1,0.05555555555555555
SLV,33,strip,18,1,0,0.0
SLV,34,straddle,24,4,1,0.041666666666666664
SLV,34,strip,24,42,2,0.08333333333333333
SLV,35,straddle,19,0,0,0.0
SLV,35,strip,19,15,2,0.10526315789473684
SLV,36,straddle,18,0,0,0.0
SLV,36,strip,18,14,2,0.1111111111111111
SLV,37,straddle,21,1,0,0.0
SLV,37,strip,21,10,1,0.047619047619047616
SLV,38,straddle,19,0,0,0.0
SLV,38,strip,19,3,0,0.0
SLV,39,straddle,18,1,0,0.0
SLV,39,strip,18,2,0,0.0
SLV,40,straddle,23,1,0,0.0
SLV,40,strip,23,5,0,0.0
SLV,41,straddle,19,1,0,0.0
SLV,41,strip,19,3,0,0.0
SLV,42,straddle,18,0,0,0.0
SLV,42,strip,18,3,0,0.0
SLV,43,straddle,23,0,0,0.0
SLV,43,strip,23,4,0,0.0
SLV,44,straddle,19,0,0,0.0
SLV,44,strip,19,4,0,0.0
SLV,45,straddle,23,3,1,0.043478260869565216
SLV,45,strip,23,25,2,0.08695652173913043
SLV,46,straddle,19,0,0,0.0
SLV,46,strip,19,4,0,0.0
SLV,47,straddle,17,0,0,0.0
SLV,47,strip,17,0,0,0.0
SLV,48,straddle,23,0,0,0.0
SLV,48,strip,23,0,0,0.0
SLV,49,straddle,17,1,0,0.0
SLV,49,strip,17,1,0,0.0
SLV,50,straddle,18,1,0,0.0
SLV,50,strip,18,1,0,0.0
SLV,51,straddle,18,0,0,0.0
SLV,51,strip,18,0,0,0.0
SLV,52,straddle,23,2,1,0.043478260869565216
SLV,52,strip,23,10,0,0.0
SLV,53,straddle,19,0,0,0.0
SLV,53,strip,19,0,0,0.0
SLV,54,straddle,23,2,0,0.0
SLV,54,strip,23,5,0,0.0
SLV,55,straddle,18,0,0,0.0
SLV,55,strip,18,0,0,0.0
SLV,56,straddle,19,0,0,0.0
SLV,56,strip,19,0,0,0.0
SLV,57,straddle,23,0,0,0.0
SLV,57,strip,23,0,0,0.0
SLV,58,straddle,19,0,0,0.0
SLV,58,strip,19,0,0,0.0
SLV,59,straddle,19,1,0,0.0
SLV,59,strip,19,2,0,0.0
SLV,60,straddle,23,0,0,0.0
SLV,60,strip,23,0,0,0.0
SLV,61,straddle,17,0,0,0.0
SLV,61,strip,17,1,0,0.0
SLV,62,straddle,22,2,1,0.045454545454545456
SLV,62,strip,22,5,1,0.045454545454545456
SLV,63,straddle,19,0,0,0.0
SLV,63,strip,19,0,0,0.0
SLV,64,straddle,18,0,0,0.0
SLV,64,strip,18,0,0,0.0
SLV,65,straddle,19,0,0,0.0
SLV,65,strip,19,0,0,0.0
SLV,66,straddle,23,0,0,0.0
SLV,66,strip,23,0,0,0.0
SLV,67,straddle,18,0,0,0.0
SLV,67,strip,18,0,0,0.0
SLV,68,straddle,19,3,1,0.05263157894736842
SLV,68,strip,19,5,1,0.05263157894736842
SLV,69,straddle,23,1,0,0.0
SLV,69,strip,23,1,0,0.0
SLV,70,straddle,19,0,0,0.0
SLV,70,strip,19,0,0,0.0
SLV,71,straddle,24,0,0,0.0
SLV,71,strip,24,0,0,0.0
SLV,72,straddle,18,0,0,0.0
SLV,72,strip,18,1,0,0.0
SLV,73,straddle,17,2,0,0.0
SLV,73,strip,17,4,0,0.0
SLV,74,straddle,22,0,0,0.0
SLV,74,strip,22,3,0,0.0
SLV,75,straddle,19,0,0,0.0
SLV,75,strip,19,0,0,0.0
SLV,76,straddle,18,1,0,0.0
SLV,76,strip,18,1,0,0.0
SLV,77,straddle,19,0,0,0.0
SLV,77,strip,19,1,0,0.0
SLV,78,straddle,23,4,1,0.043478260869565216
SLV,78,strip,23,4,1,0.043478260869565216
SLV,79,straddle,18,1,0,0.0
SLV,79,strip,18,3,1,0.05555555555555555
SLV,80,straddle,24,0,0,0.0
SLV,80,strip,24,0,0,0.0
SLV,81,straddle,18,0,0,0.0
SLV,81,strip,18,0,0,0.0
SLV,82,straddle,19,1,0,0.0
SLV,82,strip,19,1,0,0.0
SLV,83,straddle,24,2,1,0.041666666666666664
SLV,83,strip,24,4,1,0.041666666666666664
SLV,84,straddle,18,0,0,0.0
SLV,84,strip,18,0,0,0.0
SLV,85,straddle,17,0,0,0.0
SLV,85,strip,17,0,0,0.0
SLV,86,straddle,22,1,0,0.0
SLV,86,strip,22,1,0,0.0
SLV,87,straddle,19,1,0,0.0
SLV,87,strip,19,2,0,0.0
SLV,88,straddle,18,0,0,0.0
SLV,88,strip,18,3,0,0.0
SLV,89,straddle,24,1,0,0.0
SLV,89,strip,24,3,1,0.041666666666666664
SLV,90,straddle,18,2,0,0.0
SLV,90,strip,18,3,0,0.0
SLV,91,straddle,18,4,1,0.05555555555555555
SLV,91,strip,18,13,1,0.05555555555555555
SLV,92,straddle,24,0,0,0.0
SLV,92,strip,24,0,0,0.0
SLV,93,straddle,18,0,0,0.0
SLV,93,strip,18,0,0,0.0
SLV,94,straddle,24,2,0,0.0
SLV,94,strip,24,3,0,0.0
SLV,95,straddle,19,0,0,0.0
SLV,95,strip,19,0,0,0.0
SLV,96,straddle,18,0,0,0.0
SLV,96,strip,18,0,0,0.0
SLV,97,straddle,21,2,1,0.047619047619047616
SLV,97,strip,21,3,1,0.047619047619047616
SLV,98,straddle,19,1,0,0.0
SLV,98,strip,19,5,2,0.10526315789473684
SLV,99,straddle,18,2,0,0.0
SLV,99,strip,18,2,0,0.0
SLV,100,straddle,23,2,1,0.043478260869565216
SLV,100,strip,23,2,1,0.043478260869565216
SLV,101,straddle,19,5,1,0.05263157894736842
SLV,101,strip,19,10,2,0.10526315789473684
SLV,102,straddle,18,0,0,0.0
SLV,102,strip,18,0,0,0.0
SLV,103,straddle,23,0,0,0.0
SLV,103,strip,23,0,0,0.0
SLV,104,straddle,19,1,0,0.0
SLV,104,strip,19,1,0,0.0
SLV,105,straddle,18,1,0,0.0
SLV,105,strip,18,1,0,0.0
SLV,106,straddle,24,0,0,0.0
SLV,106,strip,24,0,0,0.0
SLV,107,straddle,19,0,0,0.0
SLV,107,strip,19,0,0,0.0
SLV,108,straddle,18,0,0,0.0
SLV,108,strip,18,0,0,0.0
SLV,109,straddle,21,4,2,0.09523809523809523
SLV,109,strip,21,6,2,0.09523809523809523
SLV,110,straddle,19,0,0,0.0
SLV,110,strip,19,0,0,0.0
SLV,111,straddle,18,0,0,0.0
SLV,111,strip,18,0,0,0.0
SLV,112,straddle,23,1,0,0.0
SLV,112,strip,23,5,3,0.13043478260869565
SLV,113,straddle,19,0,0,0.0
SLV,113,strip,19,0,0,0.0
SLV,114,straddle,18,1,0,0.0
SLV,114,strip,18,1,0,0.0
SLV,115,straddle,23,2,0,0.0
SLV,115,strip,23,2,0,0.0
SLV,116,straddle,19,0,0,0.0
SLV,116,strip,19,0,0,0.0
SLV,117,straddle,23,2,0,0.0
SLV,117,strip,23,0,0,0.0
SLV,118,straddle,19,0,0,0.0
SLV,118,strip,19,3,2,0.10526315789473684
SLV,119,straddle,19,0,0,0.0
SLV,119,strip,19,0,0,0.0
SLV,120,straddle,22,0,0,0.0
SLV,120,strip,22,0,0,0.0
SLV,121,straddle,17,1,0,0.0
SLV,121,strip,17,5,0,0.0
SLV,122,straddle,18,0,0,0.0
SLV,122,strip,18,2,0,0.0
SLV,123,straddle,18,5,2,0.1111111111111111
SLV,123,strip,18,6,2,0.1111111111111111
SLV,124,straddle,23,4,2,0.08695652173913043
SLV,124,strip,23,0,0,0.0
SLV,125,straddle,19,0,0,0.0
SLV,125,strip,19,0,0,0.0
SLV,126,straddle,23,1,0,0.0
SLV,126,strip,23,1,0,0.0
SLV,127,straddle,18,0,0,0.0
SLV,127,strip,18,0,0,0.0
SLV,128,straddle,19,0,0,0.0
SLV,128,strip,19,2,0,0.0
SLV,129,straddle,23,0,0,0.0
SLV,129,strip,23,1,0,0.0
SLV,130,straddle,19,2,1,0.05263157894736842
SLV,130,strip,19,4,1,0.05263157894736842
SLV,131,straddle,19,0,0,0.0
SLV,131,strip,19,0,0,0.0
SLV,132,straddle,23,0,0,0.0
SLV,132,strip,23,0,0,0.0
SLV,133,straddle,17,0,0,0.0
SLV,133,strip,17,1,0,0.0
SLV,134,straddle,22,1,0,0.0
SLV,134,strip,22,1,0,0.0
SLV,135,straddle,19,3,0,0.0
SLV,135,strip,19,20,1,0.05263157894736842
SLV,136,straddle,18,3,2,0.1111111111111111
SLV,136,strip,18,23,2,0.1111111111111111
SLV,137,straddle,19,0,0,0.0
SLV,137,strip,19,1,0,0.0
SLV,138,straddle,23,0,0,0.0
SLV,138,strip,23,3,0,0.0
SLV,139,straddle,18,1,0,0.0
SLV,139,strip,18,8,0,0.0
SLV,140,straddle,24,7,4,0.16666666666666666
SLV,140,strip,24,44,4,0.16666666666666666
SLV,141,straddle,18,0,0,0.0
SLV,141,strip,18,28,1,0.05555555555555555
SLV,142,straddle,19,0,0,0.0
SLV,142,strip,19,45,2,0.10526315789473684
SLV,143,straddle,24,0,0,0.0
SLV,143,strip,24,43,2,0.08333333333333333
SLV,144,straddle,18,1,0,0.0
SLV,144,strip,18,5,0,0.0
SLV,145,straddle,17,0,0,0.0
SLV,145,strip,17,25,1,0.058823529411764705
SLV,146,straddle,22,0,0,0.0
SLV,146,strip,22,3,0,0.0
SLV,147,straddle,19,0,0,0.0
SLV,147,strip,19,31,2,0.10526315789473684
SLV,148,straddle,18,0,0,0.0
SLV,148,strip,18,10,1,0.05555555555555555
SLV,149,straddle,24,1,0,0.0
SLV,149,strip,24,14,1,0.041666666666666664
SLV,150,straddle,18,1,0,0.0
SLV,150,strip,18,3,0,0.0
SLV,151,straddle,18,0,0,0.0
SLV,151,strip,18,6,0,0.0
SLV,152,straddle,24,3,0,0.0
SLV,152,strip,24,19,1,0.041666666666666664
SLV,153,straddle,18,0,0,0.0
SLV,153,strip,18,0,0,0.0
SLV,154,straddle,19,1,0,0.0
SLV,154,strip,19,2,0,0.0
SLV,155,straddle,24,4,2,0.08333333333333333
SLV,155,strip,24,12,3,0.125
SLV,156,straddle,18,3,2,0.1111111111111111
SLV,156,strip,18,5,0,0.0
SLV,157,straddle,22,2,1,0.045454545454545456
SLV,157,strip,22,6,1,0.045454545454545456
SLV,158,straddle,19,0,0,0.0
SLV,158,strip,19,1,0,0.0
SLV,159,straddle,18,0,0,0.0
SLV,159,strip,18,0,0,0.0
SLV,160,straddle,18,0,0,0.0
SLV,160,strip,18,1,0,0.0
SLV,161,straddle,24,9,8,0.3333333333333333
SLV,161,strip,24,49,8,0.3333333333333333
SLV,162,straddle,18,0,0,0.0
SLV,162,strip,18,0,0,0.0
SLV,163,straddle,17,5,3,0.17647058823529413
SLV,163,strip,17,11,2,0.11764705882352941
SLV,164,straddle,24,0,0,0.0
SLV,164,strip,24,0,0,0.0
SLV,165,straddle,18,0,0,0.0
SLV,165,strip,18,0,0,0.0
SLV,166,straddle,24,0,0,0.0
SLV,166,strip,24,4,0,0.0
SLV,167,straddle,19,4,2,0.10526315789473684
SLV,167,strip,19,10,2,0.10526315789473684
SLV,168,straddle,18,1,0,0.0
SLV,168,strip,18,1,0,0.0
SLV,169,straddle,21,0,0,0.0
SLV,169,strip,21,4,0,0.0
SLV,170,straddle,19,0,0,0.0
SLV,170,strip,19,4,1,0.05263157894736842
SLV,171,straddle,18,2,1,0.05555555555555555
SLV,171,strip,18,2,1,0.05555555555555555
SLV,172,straddle,23,6,3,0.13043478260869565
SLV,172,strip,23,20,7,0.30434782608695654
SLV,173,straddle,19,3,2,0.10526315789473684
SLV,173,strip,19,5,2,0.10526315789473684
SLV,174,straddle,18,0,0,0.0
SLV,174,strip,18,0,0,0.0
SLV,175,straddle,22,1,0,0.0
SLV,175,strip,22,4,1,0.045454545454545456
SLV,176,straddle,19,7,5,0.2631578947368421
SLV,176,strip,19,2,0,0.0
SLV,177,straddle,18,1,0,0.0
SLV,177,strip,18,0,0,0.0
SLV,178,straddle,24,1,0,0.0
SLV,178,strip,24,0,0,0.0
SLV,179,straddle,19,0,0,0.0
SLV,179,strip,19,0,0,0.0
SLV,180,straddle,18,0,0,0.0
SLV,180,strip,18,0,0,0.0
SLV,181,straddle,21,1,0,0.0
SLV,181,strip,21,2,0,0.0
SLV,182,straddle,19,0,0,0.0
SLV,182,strip,19,0,0,0.0
SLV,183,straddle,18,1,0,0.0
SLV,183,strip,18,2,0,0.0
SLV,184,straddle,23,2,1,0.043478260869565216
SLV,184,strip,23,13,3,0.13043478260869565
SLV,185,straddle,19,1,0,0.0
SLV,185,strip,19,3,0,0.0
SLV,186,straddle,22,2,1,0.045454545454545456
SLV,186,strip,22,5,1,0.045454545454545456
SLV,187,straddle,18,0,0,0.0
SLV,187,strip,18,7,0,0.0
SLV,188,straddle,19,0,0,0.0
SLV,188,strip,19,0,0,0.0
SLV,189,straddle,23,0,0,0.0
SLV,189,strip,23,4,0,0.0
SLV,190,straddle,19,0,0,0.0
SLV,190,strip,19,0,0,0.0
SLV,191,straddle,19,3,2,0.10526315789473684
SLV,191,strip,19,10,0,0.0
SLV,192,straddle,23,1,0,0.0
SLV,192,strip,23,12,1,0.043478260869565216
SLV,193,straddle,16,0,0,0.0
SLV,193,strip,16,0,0,0.0
SLV,194,straddle,22,3,2,0.09090909090909091
SLV,194,strip,22,6,2,0.09090909090909091
SLV,195,straddle,19,0,0,0.0
SLV,195,strip,19,0,0,0.0
SLV,196,straddle,18,0,0,0.0
SLV,196,strip,18,0,0,0.0
SLV,197,straddle,19,0,0,0.0
SLV,197,strip,19,1,0,0.0
SLV,198,straddle,22,5,3,0.13636363636363635
SLV,198,strip,22,22,7,0.3181818181818182
SLV,199,straddle,18,2,1,0.05555555555555555
SLV,199,strip,18,2,1,0.05555555555555555
SLV,200,straddle,19,1,0,0.0
SLV,200,strip,19,0,0,0.0
UNG,1,straddle,18,1,0,0.0
UNG,1,strip,18,0,0,0.0
UNG,2,straddle,23,1,0,0.0
UNG,2,strip,23,9,0,0.0
UNG,3,straddle,19,2,1,0.05263157894736842
UNG,3,strip,19,4,1,0.05263157894736842
UNG,4,straddle,23,0,0,0.0
UNG,4,strip,23,0,0,0.0
UNG,5,straddle,19,0,0,0.0
UNG,5,strip,19,0,0,0.0
UNG,6,straddle,19,0,0,0.0
UNG,6,strip,19,0,0,0.0
UNG,7,straddle,23,1,0,0.0
UNG,7,strip,23,7,0,0.0
UNG,8,straddle,17,3,1,0.058823529411764705
UNG,8,strip,17,7,1,0.058823529411764705
UNG,9,straddle,18,4,3,0.16666666666666666
UNG,9,strip,18,6,4,0.2222222222222222
UNG,10,straddle,22,2,1,0.045454545454545456
UNG,10,strip,22,12,4,0.18181818181818182
UNG,11,straddle,19,3,2,0.10526315789473684
UNG,11,strip,19,11,3,0.15789473684210525
UNG,12,straddle,19,2,0,0.0
UNG,12,strip,19,4,0,0.0
UNG,13,straddle,23,8,4,0.17391304347826086
UNG,13,strip,23,37,4,0.17391304347826086
UNG,14,straddle,18,2,0,0.0
UNG,14,strip,18,9,0,0.0
UNG,15,straddle,19,2,0,0.0
UNG,16,straddle,23,0,0,0.0
UNG,16,strip,23,3,0,0.0
UNG,17,straddle,19,1,0,0.0
UNG,17,strip,19,23,1,0.05263157894736842
UNG,18,straddle,24,1,0,0.0
UNG,18,strip,24,8,0,0.0
UNG,19,straddle,18,2,0,0.0
UNG,19,strip,18,12,1,0.05555555555555555
UNG,20,straddle,17,0,0,0.0
UNG,20,strip,17,6,1,0.058823529411764705
UNG,21,straddle,22,0,0,0.0
UNG,21,strip,22,10,1,0.045454545454545456
UNG,22,straddle,19,1,0,0.0
UNG,22,strip,19,1,0,0.0
UNG,23,straddle,18,4,2,0.1111111111111111
UNG,23,strip,18,12,3,0.16666666666666666
UNG,24,straddle,19,4,2,0.10526315789473684
UNG,24,strip,19,7,2,0.10526315789473684
UNG,25,straddle,23,0,0,0.0
UNG,25,strip,23,1,0,0.0
UNG,26,straddle,18,3,0,0.0
UNG,26,strip,18,7,1,0.05555555555555555
UNG,27,straddle,24,0,0,0.0
UNG,27,strip,24,3,0,0.0
UNG,28,straddle,18,1,0,0.0
UNG,28,strip,18,0,0,0.0
UNG,29,straddle,19,0,0,0.0
UNG,29,strip,19,1,0,0.0
UNG,30,straddle,24,7,4,0.16666666666666666
UNG,30,strip,24,5,2,0.08333333333333333
UNG,31,straddle,18,1,0,0.0
UNG,31,strip,18,2,0,0.0
UNG,32,straddle,17,0,0,0.0
UNG,32,strip,17,4,0,0.0
UNG,33,straddle,22,0,0,0.0
UNG,33,strip,22,1,0,0.0
UNG,34,straddle,19,2,0,0.0
UNG,34,strip,19,5,0,0.0
UNG,35,strip,18,1,0,0.0
UNG,36,straddle,24,0,0,0.0
UNG,36,strip,24,1,0,0.0
UNG,37,straddle,18,2,0,0.0
UNG,37,strip,18,11,4,0.2222222222222222
UNG,38,straddle,18,0,0,0.0
UNG,38,strip,18,0,0,0.0
UNG,39,strip,24,1,0,0.0
UNG,40,straddle,18,0,0,0.0
UNG,41,strip,19,1,0,0.0
UNG,43,straddle,18,0,0,0.0
UNG,43,strip,18,1,0,0.0
UNG,44,straddle,22,1,0,0.0
UNG,45,straddle,19,0,0,0.0
UNG,46,straddle,18,14,6,0.3333333333333333
UNG,46,strip,18,28,6,0.3333333333333333
UNG,47,straddle,19,0,0,0.0
UNG,47,strip,19,0,0,0.0
UNG,48,straddle,23,1,0,0.0
UNG,48,strip,23,5,3,0.13043478260869565
UNG,49,straddle,18,1,0,0.0
UNG,49,strip,18,1,0,0.0
UNG,50,straddle,18,0,0,0.0
UNG,50,strip,18,1,0,0.0
UNG,51,straddle,24,3,2,0.08333333333333333
UNG,51,strip,24,3,2,0.08333333333333333
UNG,52,straddle,18,0,0,0.0
UNG,52,strip,18,3,1,0.05555555555555555
UNG,53,straddle,24,2,0,0.0
UNG,53,strip,24,1,0,0.0
UNG,54,straddle,19,2,0,0.0
UNG,55,straddle,18,3,2,0.1111111111111111
UNG,56,straddle,21,5,3,0.14285714285714285
UNG,57,strip,19,1,0,0.0
UNG,58,strip,18,85,16,0.8888888888888888
UNG,59,straddle,23,5,2,0.08695652173913043
UNG,59,strip,23,24,2,0.08695652173913043
UNG,60,straddle,19,3,0,0.0
UNG,60,strip,19,5,0,0.0
UNG,61,straddle,18,2,1,0.05555555555555555
UNG,61,strip,18,3,1,0.05555555555555555
UNG,62,straddle,23,1,0,0.0
UNG,62,strip,23,4,0,0.0
UNG,63,straddle,19,0,0,0.0
UNG,63,strip,19,1,0,0.0
UNG,64,straddle,23,0,0,0.0
UNG,64,strip,23,2,1,0.043478260869565216
UNG,65,straddle,19,3,0,0.0
UNG,65,strip,19,12,3,0.15789473684210525
UNG,66,straddle,17,0,0,0.0
UNG,66,strip,17,0,0,0.0
UNG,67,straddle,23,5,3,0.13043478260869565
UNG,67,strip,23,4,1,0.043478260869565216
UNG,68,straddle,17,0,0,0.0
UNG,68,strip,17,0,0,0.0
UNG,69,straddle,18,1,0,0.0
UNG,69,strip,18,0,0,0.0
UNG,70,straddle,18,2,1,0.05555555555555555
UNG,70,strip,18,2,1,0.05555555555555555
UNG,71,straddle,23,1,0,0.0
UNG,71,strip,23,3,0,0.0
UNG,72,straddle,19,0,0,0.0
UNG,72,strip,19,0,0,0.0
UNG,73,straddle,23,0,0,0.0
UNG,73,strip,23,0,0,0.0
UNG,74,straddle,18,0,0,0.0
UNG,74,strip,18,0,0,0.0
UNG,75,straddle,19,5,3,0.15789473684210525
UNG,75,strip,19,5,3,0.15789473684210525
UNG,76,straddle,23,2,1,0.043478260869565216
UNG,76,strip,23,2,1,0.043478260869565216
UNG,77,straddle,19,0,0,0.0
UNG,77,strip,19,3,2,0.10526315789473684
UNG,78,straddle,19,1,0,0.0
UNG,78,strip,19,0,0,0.0
UNG,79,straddle,23,6,3,0.13043478260869565
UNG,79,strip,23,15,4,0.17391304347826086
UNG,80,straddle,17,0,0,0.0
UNG,80,strip,17,7,0,0.0
UNG,81,straddle,22,1,0,0.0
UNG,81,strip,22,5,0,0.0
UNG,82,straddle,19,1,0,0.0
UNG,82,strip,19,6,0,0.0
UNG,83,straddle,18,1,0,0.0
UNG,83,strip,18,2,0,0.0
UNG,84,straddle,19,1,0,0.0
UNG,84,strip,19,1,0,0.0
UNG,85,straddle,23,0,0,0.0
UNG,85,strip,23,5,2,0.08695652173913043
UNG,86,straddle,18,2,1,0.05555555555555555
UNG,86,strip,18,3,1,0.05555555555555555
UNG,87,straddle,19,0,0,0.0
UNG,87,strip,19,1,0,0.0
UNG,88,straddle,23,0,0,0.0
UNG,88,strip,23,1,0,0.0
UNG,89,straddle,19,0,0,0.0
UNG,89,strip,19,0,0,0.0
UNG,90,straddle,24,7,3,0.125
UNG,90,strip,24,15,3,0.125
UNG,91,straddle,18,1,0,0.0
UNG,91,strip,18,18,2,0.1111111111111111
UNG,92,straddle,17,1,0,0.0
UNG,92,strip,17,10,2,0.11764705882352941
UNG,93,straddle,22,0,0,0.0
UNG,93,strip,22,5,0,0.0
UNG,94,straddle,19,0,0,0.0
UNG,94,strip,19,0,0,0.0
UNG,95,straddle,18,0,0,0.0
UNG,95,strip,18,13,3,0.16666666666666666
UNG,96,straddle,19,0,0,0.0
UNG,96,strip,19,5,1,0.05263157894736842
UNG,97,straddle,23,1,0,0.0
UNG,97,strip,23,1,0,0.0
UNG,98,straddle,18,0,0,0.0
UNG,98,strip,18,0,0,0.0
UNG,99,straddle,24,0,0,0.0
UNG,99,strip,24,0,0,0.0
UNG,100,straddle,18,0,0,0.0
UNG,100,strip,18,0,0,0.0
UNG,101,straddle,19,1,0,0.0
UNG,101,strip,19,3,0,0.0
UNG,102,straddle,24,1,0,0.0
UNG,102,strip,24,10,2,0.08333333333333333
UNG,103,straddle,18,1,0,0.0
UNG,103,strip,18,11,1,0.05555555555555555
UNG,104,straddle,17,2,0,0.0
UNG,104,strip,17,5,1,0.058823529411764705
UNG,105,straddle,22,1,0,0.0
UNG,105,strip,22,3,0,0.0
UNG,106,straddle,19,1,0,0.0
UNG,106,strip,19,1,0,0.0
UNG,107,straddle,18,1,0,0.0
UNG,107,strip,18,4,2,0.1111111111111111
UNG,108,straddle,24,0,0,0.0
UNG,108,strip,24,0,0,0.0
UNG,109,straddle,18,4,2,0.1111111111111111
UNG,109,strip,18,7,3,0.16666666666666666
UNG,110,straddle,18,0,0,0.0
UNG,110,strip,18,0,0,0.0
UNG,111,straddle,24,0,0,0.0
UNG,111,strip,24,0,0,0.0
UNG,112,straddle,18,0,0,0.0
UNG,112,strip,18,4,0,0.0
UNG,113,straddle,24,4,2,0.08333333333333333
UNG,113,strip,24,4,2,0.08333333333333333
UNG,114,straddle,19,5,1,0.05263157894736842
UNG,114,strip,19,8,3,0.15789473684210525
UNG,115,straddle,18,3,1,0.05555555555555555
UNG,115,strip,18,8,2,0.1111111111111111
UNG,116,straddle,21,0,0,0.0
UNG,116,strip,21,2,0,0.0
UNG,117,straddle,19,2,1,0.05263157894736842
UNG,117,strip,19,3,1,0.05263157894736842
UNG,118,straddle,18,4,3,0.16666666666666666
UNG,118,strip,18,4,3,0.16666666666666666
UNG,119,straddle,23,0,0,0.0
UNG,119,strip,23,1,0,0.0
UNG,120,straddle,19,0,0,0.0
UNG,120,strip,19,4,2,0.10526315789473684
UNG,121,straddle,18,2,0,0.0
UNG,121,strip,18,2,0,0.0
UNG,122,straddle,23,3,2,0.08695652173913043
UNG,122,strip,23,3,2,0.08695652173913043
UNG,123,straddle,19,0,0,0.0
UNG,124,straddle,18,1,0,0.0
UNG,124,strip,18,1,0,0.0
UNG,125,straddle,24,5,2,0.08333333333333333
UNG,125,strip,24,0,0,0.0
UNG,126,straddle,19,0,0,0.0
UNG,127,straddle,18,3,1,0.05555555555555555
UNG,127,strip,18,2,0,0.0
UNG,128,straddle,21,18,8,0.38095238095238093
UNG,129,straddle,19,4,1,0.05263157894736842
UNG,129,strip,19,10,1,0.05263157894736842
UNG,130,straddle,18,2,0,0.0
UNG,130,strip,18,2,0,0.0
UNG,131,straddle,23,0,0,0.0
UNG,131,strip,23,0,0,0.0
UNG,132,straddle,19,0,0,0.0
UNG,132,strip,19,0,0,0.0
UNG,133,straddle,18,1,0,0.0
UNG,133,strip,18,2,0,0.0
UNG,134,straddle,23,1,0,0.0
UNG,134,strip,23,1,0,0.0
UNG,135,straddle,19,2,0,0.0
UNG,135,strip,19,7,0,0.0
UNG,136,straddle,23,1,0,0.0
UNG,136,strip,23,1,0,0.0
UNG,137,straddle,19,3,1,0.05263157894736842
UNG,137,strip,19,5,1,0.05263157894736842
UNG,138,straddle,19,6,3,0.15789473684210525
UNG,138,strip,19,37,5,0.2631578947368421
UNG,139,straddle,22,3,1,0.045454545454545456
UNG,139,strip,22,34,1,0.045454545454545456
UNG,140,straddle,17,0,0,0.0
UNG,140,strip,17,22,1,0.058823529411764705
UNG,141,straddle,18,5,2,0.1111111111111111
UNG,141,strip,18,30,3,0.16666666666666666
UNG,142,straddle,18,6,3,0.16666666666666666
UNG,142,strip,18,10,3,0.16666666666666666
UNG,143,straddle,23,7,5,0.21739130434782608
UNG,143,strip,23,11,5,0.21739130434782608
UNG,144,straddle,19,0,0,0.0
UNG,144,strip,19,1,0,0.0
UNG,145,straddle,23,9,6,0.2608695652173913
UNG,145,strip,23,27,8,0.34782608695652173
UNG,146,straddle,18,3,2,0.1111111111111111
UNG,146,strip,18,4,2,0.1111111111111111
UNG,147,straddle,19,3,1,0.05263157894736842
UNG,147,strip,19,0,0,0.0
UNG,148,straddle,23,4,1,0.043478260869565216
UNG,148,strip,23,28,5,0.21739130434782608
UNG,149,straddle,19,1,0,0.0
UNG,149,strip,19,7,2,0.10526315789473684
UNG,150,straddle,19,4,1,0.05263157894736842
UNG,150,strip,19,15,5,0.2631578947368421
UNG,151,straddle,23,0,0,0.0
UNG,151,strip,23,12,1,0.043478260869565216
UNG,152,straddle,17,0,0,0.0
UNG,152,strip,17,4,0,0.0
UNG,153,straddle,22,0,0,0.0
UNG,153,strip,22,1,0,0.0
UNG,154,straddle,19,0,0,0.0
UNG,154,strip,19,0,0,0.0
UNG,155,straddle,18,0,0,0.0
UNG,155,strip,18,2,0,0.0
UNG,156,straddle,19,2,0,0.0
UNG,156,strip,19,20,2,0.10526315789473684
UNG,157,straddle,23,1,0,0.0
UNG,157,strip,23,24,3,0.13043478260869565
UNG,158,straddle,18,0,0,0.0
UNG,158,strip,18,9,1,0.05555555555555555
UNG,159,straddle,24,4,3,0.125
UNG,159,strip,24,28,3,0.125
UNG,160,straddle,18,1,0,0.0
UNG,160,strip,18,8,0,0.0
UNG,161,straddle,19,0,0,0.0
UNG,161,strip,19,4,0,0.0
UNG,162,straddle,24,2,0,0.0
UNG,162,strip,24,28,3,0.125
UNG,163,straddle,18,0,0,0.0
UNG,163,strip,18,12,1,0.05555555555555555
UNG,164,straddle,17,0,0,0.0
UNG,164,strip,17,4,1,0.058823529411764705
UNG,165,straddle,22,2,0,0.0
UNG,165,strip,22,10,1,0.045454545454545456
UNG,166,straddle,19,1,0,0.0
UNG,166,strip,19,5,1,0.05263157894736842
UNG,167,straddle,18,0,0,0.0
UNG,167,strip,18,0,0,0.0
UNG,168,straddle,24,0,0,0.0
UNG,168,strip,24,0,0,0.0
UNG,169,straddle,18,2,0,0.0
UNG,169,strip,18,5,1,0.05555555555555555
UNG,170,straddle,18,4,3,0.16666666666666666
UNG,170,strip,18,14,4,0.2222222222222222
UNG,171,straddle,24,1,0,0.0
UNG,171,strip,24,4,0,0.0
UNG,172,straddle,18,4,3,0.16666666666666666
UNG,172,strip,18,32,5,0.2777777777777778
UNG,173,straddle,19,2,1,0.05263157894736842
UNG,173,strip,19,19,1,0.05263157894736842
UNG,174,straddle,24,0,0,0.0
UNG,174,strip,24,29,2,0.08333333333333333
UNG,175,straddle,18,3,2,0.1111111111111111
UNG,175,strip,18,76,3,0.16666666666666666
UNG,176,straddle,22,1,0,0.0
UNG,176,strip,22,38,2,0.09090909090909091
UNG,177,straddle,19,1,0,0.0
UNG,177,strip,19,26,4,0.21052631578947367
UNG,178,straddle,18,1,0,0.0
UNG,178,strip,18,12,1,0.05555555555555555
UNG,179,straddle,18,2,0,0.0
UNG,179,strip,18,28,2,0.1111111111111111
UNG,180,straddle,24,0,0,0.0
UNG,180,strip,24,18,2,0.08333333333333333
UNG,181,straddle,18,1,0,0.0
UNG,181,strip,18,11,1,0.05555555555555555
UNG,182,straddle,17,0,0,0.0
UNG,182,strip,17,11,1,0.058823529411764705
UNG,183,straddle,24,1,0,0.0
UNG,183,strip,24,32,3,0.125
UNG,184,straddle,18,1,0,0.0
UNG,184,strip,18,19,3,0.16666666666666666
UNG,185,straddle,24,3,2,0.08333333333333333
UNG,185,strip,24,71,3,0.125
UNG,186,straddle,19,0,0,0.0
UNG,186,strip,19,21,2,0.10526315789473684
UNG,187,straddle,18,0,0,0.0
UNG,187,strip,18,52,5,0.2777777777777778
UNG,188,straddle,21,3,1,0.047619047619047616
UNG,188,strip,21,115,6,0.2857142857142857
UNG,189,straddle,19,4,2,0.10526315789473684
UNG,189,strip,19,48,3,0.15789473684210525
UNG,190,straddle,18,2,1,0.05555555555555555
UNG,190,strip,18,13,2,0.1111111111111111
UNG,191,straddle,23,0,0,0.0
UNG,191,strip,23,25,3,0.13043478260869565
UNG,192,straddle,19,0,0,0.0
UNG,192,strip,19,4,1,0.05263157894736842
UNG,193,straddle,18,0,0,0.0
UNG,193,strip,18,2,1,0.05555555555555555
UNG,194,straddle,22,0,0,0.0
UNG,194,strip,22,10,1,0.045454545454545456
UNG,195,straddle,19,0,0,0.0
UNG,195,strip,19,1,0,0.0
UNG,196,straddle,18,0,0,0.0
UNG,196,strip,18,5,1,0.05555555555555555
UNG,197,straddle,24,0,0,0.0
UNG,197,strip,24,10,1,0.041666666666666664
UNG,198,straddle,19,0,0,0.0
UNG,198,strip,19,2,0,0.0
UNG,199,straddle,18,2,1,0.05555555555555555
UNG,199,strip,18,19,3,0.16666666666666666
UNG,200,straddle,21,3,1,0.047619047619047616
UNG,200,strip,21,12,3,0.14285714285714285
UNG,201,straddle,19,34,16,0.8421052631578947
UNG,201,strip,19,221,16,0.8421052631578947
UNG,202,straddle,18,0,0,0.0
UNG,202,strip,18,14,1,0.05555555555555555
UNG,203,straddle,23,1,0,0.0
UNG,203,strip,23,19,3,0.13043478260869565
UNG,204,straddle,19,1,0,0.0
UNG,204,strip,19,5,0,0.0
UNG,205,straddle,22,0,0,0.0
UNG,205,strip,22,3,0,0.0
UNG,206,straddle,18,5,3,0.16666666666666666
UNG,206,strip,18,57,10,0.5555555555555556
UNG,207,straddle,19,0,0,0.0
UNG,207,strip,19,9,1,0.05263157894736842
UNG,208,straddle,23,0,0,0.0
UNG,208,strip,23,12,2,0.08695652173913043
UNG,209,straddle,19,1,0,0.0
UNG,209,strip,19,20,2,0.10526315789473684
UNG,210,straddle,19,0,0,0.0
UNG,210,strip,19,12,1,0.05263157894736842
UNG,211,straddle,23,0,0,0.0
UNG,211,strip,23,18,3,0.13043478260869565
UNG,212,straddle,16,0,0,0.0
UNG,212,strip,16,22,3,0.1875
UNG,213,straddle,22,1,0,0.0
UNG,213,strip,22,9,1,0.045454545454545456
UNG,214,straddle,19,0,0,0.0
UNG,214,strip,19,7,1,0.05263157894736842
UNG,215,straddle,18,3,2,0.1111111111111111
UNG,215,strip,18,42,5,0.2777777777777778
UNG,216,straddle,19,1,0,0.0
UNG,216,strip,19,8,1,0.05263157894736842
UNG,217,straddle,22,0,0,0.0
UNG,217,strip,22,7,2,0.09090909090909091
UNG,218,straddle,18,5,3,0.16666666666666666
UNG,218,strip,18,2,0,0.0
UNG,219,straddle,19,0,0,0.0
UNG,219,strip,19,0,0,0.0
USO,1,straddle,18,0,0,0.0
USO,1,strip,18,0,0,0.0
USO,2,straddle,23,1,0,0.0
USO,2,strip,23,3,0,0.0
USO,3,straddle,19,0,0,0.0
USO,3,strip,19,0,0,0.0
USO,4,straddle,23,4,2,0.08695652173913043
USO,4,strip,23,27,3,0.13043478260869565
USO,5,straddle,19,2,0,0.0
USO,5,strip,19,9,0,0.0
USO,6,straddle,19,3,0,0.0
USO,6,strip,19,10,1,0.05263157894736842
USO,7,straddle,23,0,0,0.0
USO,7,strip,23,0,0,0.0
USO,8,straddle,17,0,0,0.0
USO,8,strip,17,0,0,0.0
USO,9,straddle,18,3,1,0.05555555555555555
USO,9,strip,18,10,3,0.16666666666666666
USO,10,straddle,22,5,3,0.13636363636363635
USO,10,strip,22,9,3,0.13636363636363635
USO,11,straddle,19,5,2,0.10526315789473684
USO,11,strip,19,24,4,0.21052631578947367
USO,12,straddle,19,2,0,0.0
USO,12,strip,19,5,0,0.0
USO,13,straddle,23,1,0,0.0
USO,13,strip,23,3,0,0.0
USO,14,straddle,18,0,0,0.0
USO,14,strip,18,0,0,0.0
USO,15,straddle,19,5,4,0.21052631578947367
USO,15,strip,19,33,4,0.21052631578947367
USO,16,straddle,23,1,0,0.0
USO,16,strip,23,19,0,0.0
USO,17,straddle,19,3,2,0.10526315789473684
USO,17,strip,19,116,2,0.10526315789473684
USO,18,straddle,24,4,1,0.041666666666666664
USO,18,strip,24,90,2,0.08333333333333333
USO,19,straddle,18,1,0,0.0
USO,19,strip,18,41,2,0.1111111111111111
USO,20,straddle,17,0,0,0.0
USO,20,strip,17,27,1,0.058823529411764705
USO,21,straddle,22,0,0,0.0
USO,21,strip,22,24,2,0.09090909090909091
USO,22,straddle,19,2,1,0.05263157894736842
USO,22,strip,19,15,2,0.10526315789473684
USO,23,straddle,18,0,0,0.0
USO,23,strip,18,3,0,0.0
USO,24,straddle,19,0,0,0.0
USO,24,strip,19,4,0,0.0
USO,25,straddle,23,2,1,0.043478260869565216
USO,25,strip,23,13,2,0.08695652173913043
USO,26,straddle,18,0,0,0.0
USO,26,strip,18,1,0,0.0
USO,27,straddle,24,0,0,0.0
USO,27,strip,24,3,1,0.041666666666666664
USO,28,straddle,18,0,0,0.0
USO,28,strip,18,0,0,0.0
USO,29,straddle,19,0,0,0.0
USO,29,strip,19,1,0,0.0
USO,30,straddle,24,0,0,0.0
USO,30,strip,24,0,0,0.0
USO,31,straddle,18,1,0,0.0
USO,31,strip,18,2,0,0.0
USO,32,straddle,17,1,0,0.0
USO,32,strip,17,7,0,0.0
USO,33,straddle,22,0,0,0.0
USO,33,strip,22,0,0,0.0
USO,34,straddle,19,0,0,0.0
USO,34,strip,19,1,0,0.0
USO,35,straddle,18,1,0,0.0
USO,35,strip,18,3,1,0.05555555555555555
USO,36,straddle,24,0,0,0.0
USO,36,strip,24,4,0,0.0
USO,37,straddle,18,0,0,0.0
USO,37,strip,18,1,0,0.0
USO,38,straddle,18,0,0,0.0
USO,38,strip,18,0,0,0.0
USO,39,straddle,24,0,0,0.0
USO,39,strip,24,0,0,0.0
USO,40,straddle,18,0,0,0.0
USO,40,strip,18,0,0,0.0
USO,41,straddle,19,2,0,0.0
USO,41,strip,19,2,0,0.0
USO,42,straddle,24,0,0,0.0
USO,42,strip,24,0,0,0.0
USO,43,straddle,18,3,1,0.05555555555555555
USO,43,strip,18,3,1,0.05555555555555555
USO,44,straddle,22,0,0,0.0
USO,44,strip,22,0,0,0.0
USO,45,straddle,19,0,0,0.0
USO,45,strip,19,0,0,0.0
USO,46,straddle,18,0,0,0.0
USO,46,strip,18,0,0,0.0
USO,47,straddle,19,0,0,0.0
USO,47,strip,19,0,0,0.0
USO,48,straddle,23,2,1,0.043478260869565216
USO,48,strip,23,2,0,0.0
USO,49,straddle,18,0,0,0.0
USO,49,strip,18,0,0,0.0
USO,50,straddle,18,0,0,0.0
USO,50,strip,18,0,0,0.0
USO,51,straddle,24,3,0,0.0
USO,51,strip,24,4,0,0.0
USO,52,straddle,18,0,0,0.0
USO,52,strip,18,6,1,0.05555555555555555
USO,53,straddle,24,0,0,0.0
USO,53,strip,24,3,0,0.0
USO,54,straddle,19,1,0,0.0
USO,54,strip,19,9,1,0.05263157894736842
USO,55,straddle,18,0,0,0.0
USO,55,strip,18,17,1,0.05555555555555555
USO,56,straddle,21,1,0,0.0
USO,56,strip,21,10,0,0.0
USO,57,straddle,19,0,0,0.0
USO,57,strip,19,1,0,0.0
USO,58,straddle,18,0,0,0.0
USO,58,strip,18,4,0,0.0
USO,59,straddle,23,1,0,0.0
USO,59,strip,23,2,0,0.0
USO,60,straddle,19,1,0,0.0
USO,60,strip,19,2,0,0.0
USO,61,straddle,18,2,0,0.0
USO,61,strip,18,8,0,0.0
USO,62,straddle,23,1,0,0.0
USO,62,strip,23,3,0,0.0
USO,63,straddle,19,2,1,0.05263157894736842
USO,63,strip,19,4,1,0.05263157894736842
USO,64,straddle,23,0,0,0.0
USO,64,strip,23,3,0,0.0
USO,65,straddle,19,0,0,0.0
USO,65,strip,19,3,0,0.0
USO,66,straddle,17,1,0,0.0
USO,66,strip,17,0,0,0.0
USO,67,straddle,23,0,0,0.0
USO,67,strip,23,5,0,0.0
USO,68,straddle,17,1,0,0.0
USO,68,strip,17,1,0,0.0
USO,69,straddle,18,0,0,0.0
USO,69,strip,18,1,0,0.0
USO,70,straddle,18,0,0,0.0
USO,70,strip,18,0,0,0.0
USO,71,straddle,23,1,0,0.0
USO,71,strip,23,5,1,0.043478260869565216
USO,72,straddle,19,1,0,0.0
USO,72,strip,19,3,0,0.0
USO,73,straddle,23,0,0,0.0
USO,73,strip,23,0,0,0.0
USO,74,straddle,18,1,0,0.0
USO,74,strip,18,4,0,0.0
USO,75,straddle,19,0,0,0.0
USO,75,strip,19,0,0,0.0
USO,76,straddle,23,0,0,0.0
USO,76,strip,23,0,0,0.0
USO,77,straddle,19,0,0,0.0
USO,77,strip,19,0,0,0.0
USO,78,straddle,19,1,0,0.0
USO,78,strip,19,0,0,0.0
USO,79,straddle,23,0,0,0.0
USO,79,strip,23,0,0,0.0
USO,80,straddle,17,2,0,0.0
USO,80,strip,17,2,0,0.0
USO,81,straddle,22,0,0,0.0
USO,81,strip,22,1,0,0.0
USO,82,straddle,19,1,0,0.0
USO,82,strip,19,0,0,0.0
USO,83,straddle,18,0,0,0.0
USO,83,strip,18,1,0,0.0
USO,84,straddle,19,0,0,0.0
USO,84,strip,19,0,0,0.0
USO,85,straddle,23,1,0,0.0
USO,85,strip,23,2,0,0.0
USO,86,straddle,18,3,1,0.05555555555555555
USO,86,strip,18,5,1,0.05555555555555555
USO,87,straddle,19,2,1,0.05263157894736842
USO,87,strip,19,3,1,0.05263157894736842
USO,88,straddle,23,0,0,0.0
USO,88,strip,23,0,0,0.0
USO,89,straddle,19,1,0,0.0
USO,89,strip,19,6,1,0.05263157894736842
USO,90,straddle,24,2,1,0.041666666666666664
USO,90,strip,24,7,1,0.041666666666666664
USO,91,straddle,18,4,1,0.05555555555555555
USO,91,strip,18,52,3,0.16666666666666666
USO,92,straddle,17,4,2,0.11764705882352941
USO,92,strip,17,15,1,0.058823529411764705
USO,93,straddle,22,2,1,0.045454545454545456
USO,93,strip,22,9,1,0.045454545454545456
USO,94,straddle,19,0,0,0.0
USO,94,strip,19,6,0,0.0
USO,95,straddle,18,2,1,0.05555555555555555
USO,95,strip,18,14,1,0.05555555555555555
USO,96,straddle,19,0,0,0.0
USO,96,strip,19,3,0,0.0
USO,97,straddle,23,0,0,0.0
USO,97,strip,23,1,0,0.0
USO,98,straddle,18,2,0,0.0
USO,98,strip,18,6,0,0.0
USO,99,straddle,24,2,0,0.0
USO,99,strip,24,14,3,0.125
USO,100,straddle,18,4,1,0.05555555555555555
USO,100,strip,18,15,4,0.2222222222222222
USO,101,straddle,19,0,0,0.0
USO,101,strip,19,1,0,0.0
USO,102,straddle,24,1,0,0.0
USO,102,strip,24,6,1,0.041666666666666664
USO,103,straddle,18,3,1,0.05555555555555555
USO,103,strip,18,11,1,0.05555555555555555
USO,104,straddle,17,1,0,0.0
USO,104,strip,17,5,0,0.0
USO,105,straddle,22,0,0,0.0
USO,105,strip,22,5,0,0.0
USO,106,straddle,19,1,0,0.0
USO,106,strip,19,8,1,0.05263157894736842
USO,107,straddle,18,0,0,0.0
USO,107,strip,18,0,0,0.0
USO,108,straddle,24,1,0,0.0
USO,108,strip,24,6,0,0.0
USO,109,straddle,18,0,0,0.0
USO,109,strip,18,0,0,0.0
USO,110,straddle,18,2,0,0.0
USO,110,strip,18,1,0,0.0
USO,111,straddle,24,1,0,0.0
USO,111,strip,24,0,0,0.0
USO,112,straddle,18,1,0,0.0
USO,112,strip,18,0,0,0.0
USO,113,straddle,24,6,3,0.125
USO,113,strip,24,16,4,0.16666666666666666
USO,114,straddle,19,4,1,0.05263157894736842
USO,114,strip,19,3,0,0.0
USO,115,straddle,18,0,0,0.0
USO,115,strip,18,2,0,0.0
USO,116,straddle,21,1,0,0.0
USO,116,strip,21,1,0,0.0
USO,117,straddle,19,0,0,0.0
USO,117,strip,19,0,0,0.0
USO,118,straddle,18,3,1,0.05555555555555555
USO,118,strip,18,5,1,0.05555555555555555
USO,119,straddle,23,0,0,0.0
USO,119,strip,23,4,1,0.043478260869565216
USO,120,straddle,19,1,0,0.0
USO,120,strip,19,1,0,0.0
USO,121,straddle,18,1,0,0.0
USO,121,strip,18,3,1,0.05555555555555555
USO,122,straddle,23,2,1,0.043478260869565216
USO,122,strip,23,2,1,0.043478260869565216
USO,123,straddle,19,0,0,0.0
USO,123,strip,19,0,0,0.0
USO,124,straddle,18,2,1,0.05555555555555555
USO,124,strip,18,2,1,0.05555555555555555
USO,125,straddle,24,2,1,0.041666666666666664
USO,125,strip,24,2,1,0.041666666666666664
USO,126,straddle,19,1,0,0.0
USO,126,strip,19,6,1,0.05263157894736842
USO,127,straddle,18,0,0,0.0
USO,127,strip,18,2,1,0.05555555555555555
USO,128,straddle,21,9,8,0.38095238095238093
USO,128,strip,21,26,11,0.5238095238095238
USO,129,straddle,19,3,2,0.10526315789473684
USO,129,strip,19,0,0,0.0
USO,130,straddle,18,0,0,0.0
USO,130,strip,18,0,0,0.0
USO,131,straddle,23,4,2,0.08695652173913043
USO,131,strip,23,6,2,0.08695652173913043
USO,132,straddle,19,1,0,0.0
USO,132,strip,19,6,1,0.05263157894736842
USO,133,straddle,18,2,0,0.0
USO,133,strip,18,4,0,0.0
USO,134,straddle,23,7,3,0.13043478260869565
USO,134,strip,23,19,7,0.30434782608695654
USO,135,straddle,19,1,0,0.0
USO,135,strip,19,1,0,0.0
USO,136,straddle,23,2,1,0.043478260869565216
USO,136,strip,23,7,3,0.13043478260869565
USO,137,straddle,19,2,1,0.05263157894736842
USO,137,strip,19,1,0,0.0
USO,138,straddle,19,0,0,0.0
USO,138,strip,19,10,0,0.0
USO,139,straddle,22,2,1,0.045454545454545456
USO,139,strip,22,8,1,0.045454545454545456
USO,140,straddle,17,3,1,0.058823529411764705
USO,140,strip,17,14,3,0.17647058823529413
USO,141,straddle,18,1,0,0.0
USO,141,strip,18,6,1,0.05555555555555555
USO,142,straddle,18,1,0,0.0
USO,142,strip,18,3,1,0.05555555555555555
USO,143,straddle,23,4,0,0.0
USO,143,strip,23,12,5,0.21739130434782608
USO,144,straddle,19,1,0,0.0
USO,144,strip,19,1,0,0.0
USO,145,straddle,23,6,3,0.13043478260869565
USO,145,strip,23,20,5,0.21739130434782608
USO,146,straddle,18,0,0,0.0
USO,146,strip,18,0,0,0.0
USO,147,straddle,19,0,0,0.0
USO,147,strip,19,12,1,0.05263157894736842
USO,148,straddle,23,2,0,0.0
USO,148,strip,23,4,0,0.0
USO,149,straddle,19,2,1,0.05263157894736842
USO,149,strip,19,3,1,0.05263157894736842
USO,150,straddle,19,3,1,0.05263157894736842
USO,150,strip,19,15,2,0.10526315789473684
USO,151,straddle,23,2,1,0.043478260869565216
USO,151,strip,23,10,2,0.08695652173913043
USO,152,straddle,17,0,0,0.0
USO,152,strip,17,0,0,0.0
USO,153,straddle,22,6,2,0.09090909090909091
USO,153,strip,22,3,0,0.0
USO,154,straddle,19,5,2,0.10526315789473684
USO,154,strip,19,34,4,0.21052631578947367
USO,155,straddle,18,0,0,0.0
USO,155,strip,18,50,12,0.6666666666666666
USO,156,strip,19,265,19,1.0
USO,157,straddle,23,0,0,0.0
USO,157,strip,23,45,8,0.34782608695652173
USO,158,straddle,18,0,0,0.0
USO,158,strip,18,17,3,0.16666666666666666
USO,159,straddle,24,0,0,0.0
USO,159,strip,24,7,1,0.041666666666666664
USO,160,straddle,18,0,0,0.0
USO,160,strip,18,0,0,0.0
USO,161,straddle,19,0,0,0.0
USO,161,strip,19,9,2,0.10526315789473684
USO,162,straddle,24,0,0,0.0
USO,162,strip,24,3,2,0.08333333333333333
USO,163,straddle,18,1,0,0.0
USO,163,strip,18,10,2,0.1111111111111111
USO,164,straddle,17,0,0,0.0
USO,164,strip,17,34,7,0.4117647058823529
USO,165,straddle,22,2,0,0.0
USO,165,strip,22,12,1,0.045454545454545456
USO,166,straddle,19,0,0,0.0
USO,166,strip,19,6,2,0.10526315789473684
USO,167,straddle,18,0,0,0.0
USO,167,strip,18,1,0,0.0
USO,168,straddle,24,0,0,0.0
USO,168,strip,24,14,3,0.125
USO,169,straddle,18,0,0,0.0
USO,169,strip,18,1,0,0.0
USO,170,straddle,18,0,0,0.0
USO,170,strip,18,0,0,0.0
USO,171,straddle,24,0,0,0.0
USO,171,strip,24,23,1,0.041666666666666664
USO,172,straddle,18,1,0,0.0
USO,172,strip,18,21,3,0.16666666666666666
USO,173,straddle,19,1,0,0.0
USO,173,strip,19,18,3,0.15789473684210525
USO,174,straddle,24,1,0,0.0
USO,174,strip,24,0,0,0.0
USO,175,straddle,18,1,0,0.0
USO,175,strip,18,1,0,0.0
USO,176,straddle,22,3,0,0.0
USO,176,strip,22,80,6,0.2727272727272727
USO,177,straddle,19,1,0,0.0
USO,177,strip,19,7,0,0.0
USO,178,straddle,18,2,0,0.0
USO,178,strip,18,22,1,0.05555555555555555
USO,179,straddle,18,0,0,0.0
USO,179,strip,18,11,0,0.0
USO,180,straddle,24,0,0,0.0
USO,180,strip,24,12,1,0.041666666666666664
USO,181,straddle,18,0,0,0.0
USO,181,strip,18,7,1,0.05555555555555555
USO,182,straddle,17,0,0,0.0
USO,182,strip,17,27,3,0.17647058823529413
USO,183,straddle,24,0,0,0.0
USO,183,strip,24,13,1,0.041666666666666664
USO,184,straddle,18,1,0,0.0
USO,184,strip,18,8,0,0.0
USO,185,straddle,24,0,0,0.0
USO,185,strip,24,3,1,0.041666666666666664
USO,186,straddle,19,0,0,0.0
USO,186,strip,19,1,0,0.0
USO,187,straddle,18,0,0,0.0
USO,187,strip,18,3,0,0.0
USO,188,straddle,21,0,0,0.0
USO,188,strip,21,9,0,0.0
USO,189,straddle,19,1,0,0.0
USO,189,strip,19,1,0,0.0
USO,190,straddle,18,2,1,0.05555555555555555
USO,190,strip,18,17,1,0.05555555555555555
USO,191,straddle,23,2,1,0.043478260869565216
USO,191,strip,23,14,4,0.17391304347826086
USO,192,straddle,19,3,2,0.10526315789473684
USO,192,strip,19,14,2,0.10526315789473684
USO,193,straddle,18,0,0,0.0
USO,193,strip,18,2,1,0.05555555555555555
USO,194,straddle,22,0,0,0.0
USO,194,strip,22,5,0,0.0
USO,195,straddle,19,0,0,0.0
USO,195,strip,19,0,0,0.0
USO,196,straddle,18,2,1,0.05555555555555555
USO,196,strip,18,10,1,0.05555555555555555
USO,197,straddle,24,0,0,0.0
USO,197,strip,24,0,0,0.0
USO,198,straddle,19,1,0,0.0
USO,198,strip,19,5,0,0.0
USO,199,straddle,18,2,0,0.0
USO,199,strip,18,11,2,0.1111111111111111
USO,200,straddle,21,0,0,0.0
USO,200,strip,21,2,0,0.0
USO,201,straddle,19,0,0,0.0
USO,201,strip,19,3,0,0.0
USO,202,straddle,18,1,0,0.0
USO,202,strip,18,2,0,0.0
USO,203,straddle,23,0,0,0.0
USO,203,strip,23,1,0,0.0
USO,204,straddle,19,2,1,0.05263157894736842
USO,204,strip,19,3,1,0.05263157894736842
USO,205,straddle,22,2,0,0.0
USO,205,strip,22,2,0,0.0
USO,206,straddle,18,0,0,0.0
USO,206,strip,18,0,0,0.0
USO,207,straddle,19,0,0,0.0
USO,207,strip,19,0,0,0.0
USO,208,straddle,23,1,0,0.0
USO,208,strip,23,2,0,0.0
USO,209,straddle,19,0,0,0.0
USO,209,strip,19,0,0,0.0
USO,210,straddle,19,0,0,0.0
USO,210,strip,19,3,0,0.0
USO,211,straddle,23,0,0,0.0
USO,211,strip,23,3,0,0.0
USO,212,straddle,16,4,2,0.125
USO,212,strip,16,30,6,0.375
USO,213,straddle,22,5,1,0.045454545454545456
USO,213,strip,22,13,1,0.045454545454545456
USO,214,straddle,19,1,0,0.0
USO,214,strip,19,16,3,0.15789473684210525
USO,215,straddle,18,6,4,0.2222222222222222
USO,215,strip,18,44,4,0.2222222222222222
USO,216,straddle,19,0,0,0.0
USO,216,strip,19,3,0,0.0
USO,217,straddle,22,1,0,0.0
USO,217,strip,22,16,1,0.045454545454545456
USO,218,straddle,18,0,0,0.0
USO,218,strip,18,0,0,0.0
USO,219,straddle,19,0,0,0.0
USO,219,strip,19,0,0,0.0
