ticker,arm,entry_year,leg_days,absent_share,delta_null_share,share_opprcd_delta,share_black_scholes_own_iv,share_black_scholes_prior_iv,share_carried
ALL,straddle,2007,644,0.0,0.027950310559006212,0.9720496894409938,0.0,0.021739130434782608,0.006211180124223602
ALL,straddle,2008,1266,0.0,0.053712480252764615,0.9462875197472354,0.0,0.0315955766192733,0.022116903633491312
ALL,straddle,2009,1912,0.0,0.032426778242677826,0.9675732217573222,0.0,0.020397489539748955,0.01202928870292887
ALL,straddle,2010,1782,0.0,0.023007856341189674,0.9769921436588104,0.0,0.01627384960718294,0.006734006734006734
ALL,straddle,2011,1912,0.0,0.03190376569037657,0.9680962343096234,0.0,0.01882845188284519,0.01307531380753138
ALL,straddle,2012,1830,0.0,0.022404371584699455,0.9775956284153006,0.0,0.01639344262295082,0.006010928961748634
ALL,straddle,2013,1912,0.0,0.017259414225941423,0.9827405857740585,0.0,0.012552301255230125,0.004707112970711297
ALL,straddle,2014,1912,0.0,0.024581589958158997,0.975418410041841,0.0,0.01778242677824268,0.006799163179916318
ALL,straddle,2015,1912,0.0,0.021966527196652718,0.9780334728033473,0.0,0.01778242677824268,0.0041841004184100415
ALL,straddle,2016,1944,0.0,0.032407407407407406,0.9675925925925926,0.0,0.025205761316872428,0.00720164609053498
ALL,straddle,2017,1912,0.0,0.04445606694560669,0.9555439330543933,0.0,0.022489539748953975,0.021966527196652718
ALL,straddle,2018,1912,0.0,0.03347280334728033,0.9665271966527197,0.0,0.02405857740585774,0.009414225941422594
ALL,straddle,2019,1912,0.0,0.05073221757322176,0.9492677824267782,0.0,0.029288702928870293,0.021443514644351465
ALL,straddle,2020,1874,0.0,0.0240128068303095,0.9759871931696905,0.0,0.015474919957310566,0.008537886872998933
ALL,straddle,2021,1952,0.0,0.028688524590163935,0.9713114754098361,0.0,0.0194672131147541,0.009221311475409836
ALL,straddle,2022,1904,0.0,0.02468487394957983,0.9753151260504201,0.0,0.014180672268907563,0.01050420168067227
ALL,straddle,2023,1904,0.0,0.032563025210084036,0.967436974789916,0.0,0.018907563025210083,0.01365546218487395
ALL,straddle,2024,1904,0.0,0.04096638655462185,0.9590336134453782,0.0,0.015756302521008403,0.025210084033613446
ALL,straddle,2025,1096,0.0,0.04105839416058394,0.958941605839416,0.0,0.01916058394160584,0.021897810218978103
ALL,straddle,ALL,33396,0.0,0.031590609653850764,0.9684093903461493,0.0,0.019613127320637202,0.011977482333213559
ALL,strip,2007,6566,0.0,0.011574779165397502,0.9884252208346025,0.0,0.008681084374048126,0.0028936947913493754
ALL,strip,2008,22918,0.0,0.02487128021642377,0.9751287197835762,0.0,0.01627541670302819,0.008595863513395583
ALL,strip,2009,19592,0.0,0.01199469171090241,0.9880053082890976,0.0,0.008166598611678236,0.003828093099224173
ALL,strip,2010,23531,0.0,0.004249713144362756,0.9957502868556373,0.0,0.0031022905953848115,0.001147422548977944
ALL,strip,2011,33652,0.0,0.00817187685724474,0.9918281231427553,0.0,0.0061214786639724236,0.0020503981932723167
ALL,strip,2012,37637,0.0,0.007333209341871031,0.992666790658129,0.0,0.004304275048489519,0.0030289342933815127
ALL,strip,2013,29378,0.0,0.002791204302539315,0.9972087956974607,0.0,0.0023146572264960176,0.0004765470760432977
ALL,strip,2014,29414,0.0,0.007411436730808458,0.9925885632691915,0.0,0.005643571088597267,0.001767865642211192
ALL,strip,2015,30274,0.0,0.007101803527779613,0.9928981964722204,0.0,0.005813569399484706,0.0012882341282949065
ALL,strip,2016,28476,0.0,0.00695322376738306,0.993046776232617,0.0,0.005864587722994803,0.0010886360443882568
ALL,strip,2017,19428,0.0,0.0074119827053736875,0.9925880172946263,0.0,0.00509573810994441,0.0023162445954292774
ALL,strip,2018,25100,0.0,0.009601593625498008,0.9903984063745019,0.0,0.007171314741035857,0.002430278884462151
ALL,strip,2019,24072,0.0,0.014456630109670987,0.985543369890329,0.0,0.009388501163177135,0.005068128946493852
ALL,strip,2020,44643,0.0,0.020495934413009877,0.9795040655869901,0.0,0.00931837018121542,0.011177564231794458
ALL,strip,2021,45389,0.0,0.013108903038181057,0.986891096961819,0.0,0.0081737866002776,0.004935116437903456
ALL,strip,2022,51790,0.0,0.01343888781618073,0.9865611121838193,0.0,0.008553774860011585,0.004885112956169144
ALL,strip,2023,39712,0.0,0.008964544721998388,0.9910354552780016,0.0,0.005539887187751813,0.003424657534246575
ALL,strip,2024,45525,0.0,0.012586490939044482,0.9874135090609555,0.0,0.005908841295991214,0.006677649643053268
ALL,strip,2025,30926,0.0,0.008698182758843691,0.9913018172411563,0.0,0.005173640302657958,0.0035245424561857336
ALL,strip,ALL,588023,0.0,0.010853316962091618,0.9891466830379084,0.0,0.0067888500959996465,0.0040644668660919725
GLD,straddle,2008,276,0.0,0.03985507246376811,0.9601449275362319,0.0,0.021739130434782608,0.018115942028985508
GLD,straddle,2009,478,0.0,0.027196652719665274,0.9728033472803347,0.0,0.01882845188284519,0.008368200836820083
GLD,straddle,2010,488,0.0,0.018442622950819672,0.9815573770491803,0.0,0.014344262295081968,0.004098360655737705
GLD,straddle,2011,478,0.0,0.014644351464435146,0.9853556485355649,0.0,0.014644351464435146,0.0
GLD,straddle,2012,476,0.0,0.012605042016806723,0.9873949579831933,0.0,0.0063025210084033615,0.0063025210084033615
GLD,straddle,2013,478,0.0,0.006276150627615063,0.9937238493723849,0.0,0.006276150627615063,0.0
GLD,straddle,2014,478,0.0,0.012552301255230125,0.9874476987447699,0.0,0.010460251046025104,0.0020920502092050207
GLD,straddle,2015,478,0.0,0.02092050209205021,0.9790794979079498,0.0,0.016736401673640166,0.0041841004184100415
GLD,straddle,2016,486,0.0,0.02880658436213992,0.9711934156378601,0.0,0.024691358024691357,0.00411522633744856
GLD,straddle,2017,478,0.0,0.02092050209205021,0.9790794979079498,0.0,0.01882845188284519,0.0020920502092050207
GLD,straddle,2018,478,0.0,0.014644351464435146,0.9853556485355649,0.0,0.012552301255230125,0.0020920502092050207
GLD,straddle,2019,478,0.0,0.043933054393305436,0.9560669456066946,0.0,0.02510460251046025,0.01882845188284519
GLD,straddle,2020,478,0.0,0.014644351464435146,0.9853556485355649,0.0,0.010460251046025104,0.0041841004184100415
GLD,straddle,2021,488,0.0,0.02459016393442623,0.9754098360655737,0.0,0.01639344262295082,0.00819672131147541
GLD,straddle,2022,476,0.0,0.023109243697478993,0.976890756302521,0.0,0.014705882352941176,0.008403361344537815
GLD,straddle,2023,476,0.0,0.03361344537815126,0.9663865546218487,0.0,0.023109243697478993,0.01050420168067227
GLD,straddle,2024,476,0.0,0.03361344537815126,0.9663865546218487,0.0,0.02100840336134454,0.012605042016806723
GLD,straddle,2025,274,0.0,0.040145985401459854,0.9598540145985401,0.0,0.010948905109489052,0.029197080291970802
GLD,straddle,ALL,8218,0.0,0.023119980530542712,0.9768800194694572,0.0,0.015940618155268923,0.007179362375273789
GLD,strip,2008,6769,0.0,0.008863938543359432,0.9911360614566406,0.0,0.006500221598463584,0.0023637169448958487
GLD,strip,2009,10103,0.0,0.00465208353954271,0.9953479164604573,0.0,0.0033653370286053645,0.0012867465109373452
GLD,strip,2010,13779,0.0,0.001596632556789317,0.9984033674432107,0.0,0.0013063357282821686,0.0002902968285071486
GLD,strip,2011,17970,0.0,0.0031163049526989426,0.996883695047301,0.0,0.0028937117417918755,0.00022259321090706732
GLD,strip,2012,18279,0.0,0.002461841457410143,0.9975381585425899,0.0,0.0015865200503309808,0.0008753214070791619
GLD,strip,2013,14887,0.0,0.0007388997111573856,0.9992611002888426,0.0,0.0007388997111573856,0.0
GLD,strip,2014,13987,0.0,0.0030742832630299565,0.9969257167369701,0.0,0.002430828626581826,0.0006434546364481304
GLD,strip,2015,17827,0.0,0.003029113142985359,0.9969708868570146,0.0,0.0028047343916531103,0.00022437875133224884
GLD,strip,2016,19388,0.0,0.004332576851660821,0.9956674231483392,0.0,0.004023107076542191,0.0003094697751186301
GLD,strip,2017,13802,0.0,0.0031879437762643097,0.9968120562237357,0.0,0.002898130705694827,0.0002898130705694827
GLD,strip,2018,14135,0.0,0.0019808984789529537,0.998019101521047,0.0,0.001839405730456314,0.00014149274849663954
GLD,strip,2019,13134,0.0,0.007309273640931932,0.9926907263590681,0.0,0.004948987361047662,0.00236028627988427
GLD,strip,2020,23364,0.0,0.0022256462934429036,0.9977743537065571,0.0,0.0021400445129258687,8.560178051703475e-05
GLD,strip,2021,20246,0.0,0.0037044354440383285,0.9962955645559617,0.0,0.002914155882643485,0.0007902795613948434
GLD,strip,2022,21673,0.0,0.003506667281871453,0.9964933327181286,0.0,0.0023992986665436256,0.0011073686153278272
GLD,strip,2023,19412,0.0,0.004378734803214507,0.9956212651967855,0.0,0.002678755409025345,0.0016999793941891612
GLD,strip,2024,19805,0.0,0.002827568795758647,0.9971724312042414,0.0,0.0023226457965160314,0.0005049229992426155
GLD,strip,2025,14944,0.0,0.0047510706638115635,0.9952489293361885,0.0,0.0023420770877944324,0.0024089935760171306
GLD,strip,ALL,293504,0.0,0.0034241441343218493,0.9965758558656782,0.0,0.002640509158307894,0.0007836349760139555
SLV,straddle,2008,34,0.0,0.0,1.0,0.0,0.0,0.0
SLV,straddle,2009,478,0.0,0.04602510460251046,0.9539748953974896,0.0,0.027196652719665274,0.01882845188284519
SLV,straddle,2010,488,0.0,0.0430327868852459,0.9569672131147541,0.0,0.02459016393442623,0.018442622950819672
SLV,straddle,2011,478,0.0,0.03347280334728033,0.9665271966527197,0.0,0.02301255230125523,0.010460251046025104
SLV,straddle,2012,476,0.0,0.014705882352941176,0.9852941176470589,0.0,0.012605042016806723,0.0021008403361344537
SLV,straddle,2013,478,0.0,0.012552301255230125,0.9874476987447699,0.0,0.010460251046025104,0.0020920502092050207
SLV,straddle,2014,478,0.0,0.016736401673640166,0.9832635983263598,0.0,0.012552301255230125,0.0041841004184100415
SLV,straddle,2015,478,0.0,0.01882845188284519,0.9811715481171548,0.0,0.014644351464435146,0.0041841004184100415
SLV,straddle,2016,486,0.0,0.026748971193415638,0.9732510288065843,0.0,0.02263374485596708,0.00411522633744856
SLV,straddle,2017,478,0.0,0.03347280334728033,0.9665271966527197,0.0,0.02510460251046025,0.008368200836820083
SLV,straddle,2018,478,0.0,0.014644351464435146,0.9853556485355649,0.0,0.014644351464435146,0.0
SLV,straddle,2019,478,0.0,0.02510460251046025,0.9748953974895398,0.0,0.014644351464435146,0.010460251046025104
SLV,straddle,2020,478,0.0,0.03347280334728033,0.9665271966527197,0.0,0.02092050209205021,0.012552301255230125
SLV,straddle,2021,488,0.0,0.030737704918032786,0.9692622950819673,0.0,0.020491803278688523,0.010245901639344262
SLV,straddle,2022,476,0.0,0.03991596638655462,0.9600840336134454,0.0,0.012605042016806723,0.0273109243697479
SLV,straddle,2023,476,0.0,0.046218487394957986,0.9537815126050421,0.0,0.023109243697478993,0.023109243697478993
SLV,straddle,2024,476,0.0,0.02100840336134454,0.9789915966386554,0.0,0.012605042016806723,0.008403361344537815
SLV,straddle,2025,274,0.0,0.040145985401459854,0.9598540145985401,0.0,0.01824817518248175,0.021897810218978103
SLV,straddle,ALL,7976,0.0,0.028836509528585758,0.9711634904714143,0.0,0.01817953861584754,0.010656970912738215
SLV,strip,2008,119,0.0,0.01680672268907563,0.9831932773109243,0.0,0.01680672268907563,0.0
SLV,strip,2009,1848,0.0,0.03354978354978355,0.9664502164502164,0.0,0.01948051948051948,0.01406926406926407
SLV,strip,2010,3219,0.0,0.0130475302889096,0.9869524697110904,0.0,0.007766387076731904,0.005281143212177695
SLV,strip,2011,7625,0.0,0.016524590163934427,0.9834754098360656,0.0,0.012721311475409836,0.00380327868852459
SLV,strip,2012,8038,0.0,0.006718089076884797,0.9932819109231152,0.0,0.006469270962926101,0.0002488181139586962
SLV,strip,2013,5622,0.0,0.0033795802205620774,0.9966204197794379,0.0,0.0033795802205620774,0.0
SLV,strip,2014,4625,0.0,0.0034594594594594594,0.9965405405405405,0.0,0.0025945945945945945,0.0008648648648648649
SLV,strip,2015,3449,0.0,0.004928964917367353,0.9950710350826326,0.0,0.004059147579008408,0.0008698173383589446
SLV,strip,2016,3897,0.0,0.007954837054144213,0.9920451629458558,0.0,0.006671798819604825,0.0012830382345393892
SLV,strip,2017,2550,0.0,0.010588235294117647,0.9894117647058823,0.0,0.007058823529411765,0.0035294117647058825
SLV,strip,2018,2482,0.0,0.0064464141821112,0.9935535858178888,0.0,0.004431909750201451,0.00201450443190975
SLV,strip,2019,2614,0.0,0.006503442999234889,0.9934965570007651,0.0,0.005355776587605203,0.0011476664116296864
SLV,strip,2020,8841,0.0,0.027824906684764165,0.9721750933152359,0.0,0.01832371903630811,0.009501187648456057
SLV,strip,2021,9338,0.0,0.011886913686014135,0.9881130863139859,0.0,0.00920968087384879,0.0026772328121653457
SLV,strip,2022,6975,0.0,0.011612903225806452,0.9883870967741936,0.0,0.006738351254480287,0.004874551971326165
SLV,strip,2023,5837,0.0,0.0066815144766146995,0.9933184855233853,0.0,0.0037690594483467533,0.0029124550282679457
SLV,strip,2024,8127,0.0,0.0068906115417743325,0.9931093884582257,0.0,0.006029285099052541,0.0008613264427217916
SLV,strip,2025,4926,0.0,0.006293138449045879,0.9937068615509541,0.0,0.002233049127080796,0.004060089321965083
SLV,strip,ALL,90132,0.0,0.011017174810278259,0.9889828251897217,0.0,0.007799671592775041,0.0032175032175032173
UNG,straddle,2007,322,0.0,0.024844720496894408,0.9751552795031055,0.0,0.018633540372670808,0.006211180124223602
UNG,straddle,2008,478,0.0,0.056485355648535567,0.9435146443514645,0.0,0.03556485355648536,0.02092050209205021
UNG,straddle,2009,478,0.0,0.043933054393305436,0.9560669456066946,0.0,0.027196652719665274,0.016736401673640166
UNG,straddle,2010,318,0.0,0.015723270440251572,0.9842767295597484,0.0,0.015723270440251572,0.0
UNG,straddle,2011,478,0.0,0.06485355648535565,0.9351464435146444,0.0,0.02510460251046025,0.0397489539748954
UNG,straddle,2012,402,0.0,0.0472636815920398,0.9527363184079602,0.0,0.03233830845771144,0.014925373134328358
UNG,straddle,2013,478,0.0,0.03765690376569038,0.9623430962343096,0.0,0.02092050209205021,0.016736401673640166
UNG,straddle,2014,478,0.0,0.03138075313807531,0.9686192468619247,0.0,0.02301255230125523,0.008368200836820083
UNG,straddle,2015,478,0.0,0.012552301255230125,0.9874476987447699,0.0,0.012552301255230125,0.0
UNG,straddle,2016,486,0.0,0.03909465020576132,0.9609053497942387,0.0,0.026748971193415638,0.012345679012345678
UNG,straddle,2017,478,0.0,0.0794979079497908,0.9205020920502092,0.0,0.027196652719665274,0.05230125523012552
UNG,straddle,2018,478,0.0,0.04811715481171548,0.9518828451882845,0.0,0.03556485355648536,0.012552301255230125
UNG,straddle,2019,478,0.0,0.08786610878661087,0.9121338912133892,0.0,0.043933054393305436,0.043933054393305436
UNG,straddle,2020,478,0.0,0.02092050209205021,0.9790794979079498,0.0,0.014644351464435146,0.006276150627615063
UNG,straddle,2021,488,0.0,0.040983606557377046,0.9590163934426229,0.0,0.022540983606557378,0.018442622950819672
UNG,straddle,2022,476,0.0,0.0273109243697479,0.9726890756302521,0.0,0.02100840336134454,0.0063025210084033615
UNG,straddle,2023,476,0.0,0.023109243697478993,0.976890756302521,0.0,0.012605042016806723,0.01050420168067227
UNG,straddle,2024,476,0.0,0.08823529411764706,0.9117647058823529,0.0,0.014705882352941176,0.07352941176470588
UNG,straddle,2025,274,0.0,0.0364963503649635,0.9635036496350365,0.0,0.01824817518248175,0.01824817518248175
UNG,straddle,ALL,8498,0.0,0.044481054365733116,0.9555189456342669,0.0,0.023887973640856673,0.02059308072487644
UNG,strip,2007,3316,0.0,0.008142340168878166,0.9918576598311218,0.0,0.007237635705669481,0.0009047044632086852
UNG,strip,2008,4742,0.0,0.02762547448334036,0.9723745255166596,0.0,0.018979333614508646,0.008646140868831717
UNG,strip,2009,2500,0.0,0.0212,0.9788,0.0,0.0156,0.0056
UNG,strip,2010,1209,0.0,0.018196856906534328,0.9818031430934657,0.0,0.01488833746898263,0.0033085194375516956
UNG,strip,2011,961,0.0,0.043704474505723206,0.9562955254942768,0.0,0.012486992715920915,0.031217481789802288
UNG,strip,2012,3229,0.0,0.043666769897801175,0.9563332301021988,0.0,0.01424589656240322,0.029420873335397956
UNG,strip,2013,2548,0.0,0.014521193092621664,0.9854788069073783,0.0,0.009419152276295133,0.00510204081632653
UNG,strip,2014,4700,0.0,0.01425531914893617,0.9857446808510638,0.0,0.011063829787234043,0.0031914893617021275
UNG,strip,2015,3532,0.0,0.015005662514156285,0.9849943374858438,0.0,0.010475651189127973,0.004530011325028313
UNG,strip,2016,2165,0.0,0.018937644341801386,0.9810623556581987,0.0,0.012933025404157044,0.006004618937644342
UNG,strip,2017,1147,0.0,0.017436791630340016,0.9825632083696599,0.0,0.010462074978204011,0.006974716652136007
UNG,strip,2018,5066,0.0,0.02388472167390446,0.9761152783260956,0.0,0.018160284247927358,0.005724437425977102
UNG,strip,2019,4586,0.0,0.03249018752725687,0.9675098124727431,0.0,0.0198430004361099,0.01264718709114697
UNG,strip,2020,4985,0.0,0.028084252758274825,0.9719157472417251,0.0,0.01765295887662989,0.010431293881644935
UNG,strip,2021,5292,0.0,0.04383975812547241,0.9561602418745276,0.0,0.022297808012093728,0.021541950113378686
UNG,strip,2022,9384,0.0,0.0443307757885763,0.9556692242114238,0.0,0.025255754475703326,0.019075021312872975
UNG,strip,2023,3881,0.0,0.03890749806750837,0.9610925019324916,0.0,0.022416902860087608,0.01649059520742077
UNG,strip,2024,6486,0.0,0.06352143077397472,0.9364785692260252,0.0,0.020968239284613013,0.0425531914893617
UNG,strip,2025,3803,0.0,0.01972127267946358,0.9802787273205364,0.0,0.012621614514856692,0.007099658164606889
UNG,strip,ALL,73532,0.0,0.03168688462166132,0.9683131153783386,0.0,0.0173937877386716,0.01429309688298972
USO,straddle,2007,322,0.0,0.031055900621118012,0.968944099378882,0.0,0.024844720496894408,0.006211180124223602
USO,straddle,2008,478,0.0,0.06276150627615062,0.9372384937238494,0.0,0.03556485355648536,0.027196652719665274
USO,straddle,2009,478,0.0,0.012552301255230125,0.9874476987447699,0.0,0.008368200836820083,0.0041841004184100415
USO,straddle,2010,488,0.0,0.012295081967213115,0.9877049180327869,0.0,0.010245901639344262,0.0020491803278688526
USO,straddle,2011,478,0.0,0.014644351464435146,0.9853556485355649,0.0,0.012552301255230125,0.0020920502092050207
USO,straddle,2012,476,0.0,0.018907563025210083,0.9810924369747899,0.0,0.01680672268907563,0.0021008403361344537
USO,straddle,2013,478,0.0,0.012552301255230125,0.9874476987447699,0.0,0.012552301255230125,0.0
USO,straddle,2014,478,0.0,0.03765690376569038,0.9623430962343096,0.0,0.02510460251046025,0.012552301255230125
USO,straddle,2015,478,0.0,0.03556485355648536,0.9644351464435147,0.0,0.027196652719665274,0.008368200836820083
USO,straddle,2016,486,0.0,0.03497942386831276,0.9650205761316872,0.0,0.026748971193415638,0.00823045267489712
USO,straddle,2017,478,0.0,0.043933054393305436,0.9560669456066946,0.0,0.01882845188284519,0.02510460251046025
USO,straddle,2018,478,0.0,0.056485355648535567,0.9435146443514645,0.0,0.03347280334728033,0.02301255230125523
USO,straddle,2019,478,0.0,0.04602510460251046,0.9539748953974896,0.0,0.03347280334728033,0.012552301255230125
USO,straddle,2020,440,0.0,0.02727272727272727,0.9727272727272728,0.0,0.015909090909090907,0.011363636363636364
USO,straddle,2021,488,0.0,0.018442622950819672,0.9815573770491803,0.0,0.018442622950819672,0.0
USO,straddle,2022,476,0.0,0.008403361344537815,0.9915966386554622,0.0,0.008403361344537815,0.0
USO,straddle,2023,476,0.0,0.0273109243697479,0.9726890756302521,0.0,0.01680672268907563,0.01050420168067227
USO,straddle,2024,476,0.0,0.02100840336134454,0.9789915966386554,0.0,0.014705882352941176,0.0063025210084033615
USO,straddle,2025,274,0.0,0.04744525547445255,0.9525547445255474,0.0,0.029197080291970802,0.01824817518248175
USO,straddle,ALL,8704,0.0,0.029526654411764705,0.9704733455882353,0.0,0.02022058823529412,0.009306066176470588
USO,strip,2007,3250,0.0,0.015076923076923076,0.9849230769230769,0.0,0.010153846153846154,0.004923076923076923
USO,strip,2008,11288,0.0,0.03339829907866761,0.9666017009213324,0.0,0.02099574769666903,0.012402551381998583
USO,strip,2009,5141,0.0,0.01419957206769111,0.9858004279323089,0.0,0.0099202489787979,0.004279323088893211
USO,strip,2010,5324,0.0,0.002629601803155522,0.9973703981968445,0.0,0.002253944402704733,0.0003756574004507889
USO,strip,2011,7096,0.0,0.0071871476888387825,0.9928128523111612,0.0,0.006341600901916573,0.0008455467869222097
USO,strip,2012,8091,0.0,0.004449388209121246,0.9955506117908788,0.0,0.004325794092201211,0.00012359411692003462
USO,strip,2013,6321,0.0,0.0023730422401518746,0.9976269577598481,0.0,0.0022148394241417496,0.00015820281601012498
USO,strip,2014,6102,0.0,0.015077023926581449,0.9849229760734185,0.0,0.011143887250081941,0.003933136676499509
USO,strip,2015,5466,0.0,0.01664837175265276,0.9833516282473472,0.0,0.013721185510428101,0.0029271862422246614
USO,strip,2016,3026,0.0,0.013879709187045605,0.9861202908129544,0.0,0.011566424322538004,0.002313284864507601
USO,strip,2017,1929,0.0,0.027475375842405392,0.9725246241575947,0.0,0.01503369621565578,0.012441679626749611
USO,strip,2018,3417,0.0,0.02224173251390108,0.977758267486099,0.0,0.014925373134328358,0.0073163593795727245
USO,strip,2019,3738,0.0,0.023006955591225255,0.9769930444087748,0.0,0.0149812734082397,0.008025682182985553
USO,strip,2020,7453,0.0,0.06400107339326445,0.9359989266067356,0.0,0.01556420233463035,0.048436871058634104
USO,strip,2021,10513,0.0,0.016836297916864834,0.9831637020831352,0.0,0.010272995339103967,0.006563302577760868
USO,strip,2022,13758,0.0,0.008940252943741823,0.9910597470562582,0.0,0.007777293211222561,0.0011629597325192615
USO,strip,2023,10582,0.0,0.007654507654507654,0.9923454923454923,0.0,0.005575505575505575,0.002079002079002079
USO,strip,2024,11107,0.0,0.0044116323039524626,0.9955883676960475,0.0,0.0034212658683712973,0.000990366435581165
USO,strip,2025,7253,0.0,0.012684406452502413,0.9873155935474975,0.0,0.009099682889838687,0.0035847235626637252
USO,strip,ALL,130855,0.0,0.015696763593290284,0.9843032364067097,0.0,0.009437927476978334,0.006258836116311948
