ticker,bucket,cycle_day,mid,unclassified,zero bid,carried,leg_days,share_mid,share_zero_bid,share_carried,share_unclassified
ALL,below -3,0,3338,0,0,0,3338,1.0,0.0,0.0,0.0
ALL,below -3,1,2931,1,406,0,3338,0.878070701018574,0.12162971839424805,0.0,0.0002995805871779509
ALL,below -3,2,2798,1,539,0,3338,0.8382264829239066,0.16147393648891553,0.0,0.0002995805871779509
ALL,below -3,3,2636,5,697,0,3338,0.7896944278010785,0.20880766926303176,0.0,0.0014979029358897543
ALL,below -3,4,2485,4,849,0,3338,0.7444577591372079,0.2543439185140803,0.0,0.0011983223487118035
ALL,below -3,5,2210,4,1124,0,3338,0.6620730976632714,0.33672857998801675,0.0,0.0011983223487118035
ALL,below -3,6,2026,3,1309,0,3338,0.6069502696225285,0.39215098861593767,0.0,0.0008987417615338526
ALL,below -3,7,1834,3,1501,0,3338,0.5494307968843619,0.44967046135410427,0.0,0.0008987417615338526
ALL,below -3,8,1669,2,1667,0,3338,0.5,0.4994008388256441,0.0,0.0005991611743559018
ALL,below -3,9,1425,6,1907,0,3338,0.42690233672857997,0.5713001797483523,0.0,0.0017974835230677051
ALL,below -3,10,1194,1,2143,0,3338,0.35769922109047336,0.6420011983223487,0.0,0.0002995805871779509
ALL,below -3,11,1012,1,2325,0,3338,0.30317555422408626,0.6965248651887358,0.0,0.0002995805871779509
ALL,below -3,12,847,8,2483,0,3338,0.2537447573397244,0.743858597962852,0.0,0.002396644697423607
ALL,below -3,13,694,5,2639,0,3338,0.2079089275014979,0.7905931695626124,0.0,0.0014979029358897543
ALL,below -3,14,510,8,2820,0,3338,0.15278609946075494,0.8448172558418214,0.0,0.002396644697423607
ALL,below -3,15,373,6,2959,0,3338,0.11174355901737568,0.8864589574595566,0.0,0.0017974835230677051
ALL,below -3,16,285,2,3014,0,3301,0.08633747349288094,0.9130566495001514,0.0,0.0006058770069675856
ALL,below -3,17,223,1,2890,0,3114,0.07161207450224791,0.9280667951188183,0.0,0.0003211303789338471
ALL,below -3,18,148,2,1834,0,1984,0.07459677419354839,0.9243951612903226,0.0,0.0010080645161290322
ALL,below -3,19,95,0,997,0,1092,0.08699633699633699,0.913003663003663,0.0,0.0
ALL,below -3,20,68,0,1024,0,1092,0.06227106227106227,0.9377289377289377,0.0,0.0
ALL,below -3,21,40,0,961,0,1001,0.03996003996003996,0.9600399600399601,0.0,0.0
ALL,below -3,22,33,0,764,0,797,0.04140526976160602,0.958594730238394,0.0,0.0
ALL,below -3,23,1,0,336,0,337,0.002967359050445104,0.9970326409495549,0.0,0.0
ALL,-3 to -2,0,2350,0,0,0,2350,1.0,0.0,0.0,0.0
ALL,-3 to -2,1,2234,1,115,0,2350,0.9506382978723404,0.04893617021276596,0.0,0.000425531914893617
ALL,-3 to -2,2,2191,1,158,0,2350,0.9323404255319149,0.06723404255319149,0.0,0.000425531914893617
ALL,-3 to -2,3,2130,3,217,0,2350,0.9063829787234042,0.09234042553191489,0.0,0.001276595744680851
ALL,-3 to -2,4,2107,2,241,0,2350,0.896595744680851,0.1025531914893617,0.0,0.000851063829787234
ALL,-3 to -2,5,2041,7,302,0,2350,0.8685106382978723,0.12851063829787235,0.0,0.0029787234042553193
ALL,-3 to -2,6,1970,4,376,0,2350,0.8382978723404255,0.16,0.0,0.001702127659574468
ALL,-3 to -2,7,1892,4,454,0,2350,0.8051063829787234,0.19319148936170213,0.0,0.001702127659574468
ALL,-3 to -2,8,1800,3,547,0,2350,0.7659574468085106,0.2327659574468085,0.0,0.001276595744680851
ALL,-3 to -2,9,1688,3,659,0,2350,0.7182978723404255,0.2804255319148936,0.0,0.001276595744680851
ALL,-3 to -2,10,1597,4,749,0,2350,0.6795744680851064,0.31872340425531914,0.0,0.001702127659574468
ALL,-3 to -2,11,1446,2,902,0,2350,0.6153191489361702,0.38382978723404254,0.0,0.000851063829787234
ALL,-3 to -2,12,1343,6,1001,0,2350,0.5714893617021276,0.42595744680851066,0.0,0.002553191489361702
ALL,-3 to -2,13,1165,6,1179,0,2350,0.4957446808510638,0.5017021276595744,0.0,0.002553191489361702
ALL,-3 to -2,14,999,5,1346,0,2350,0.4251063829787234,0.5727659574468085,0.0,0.002127659574468085
ALL,-3 to -2,15,826,9,1515,0,2350,0.35148936170212763,0.6446808510638298,0.0,0.003829787234042553
ALL,-3 to -2,16,634,5,1697,0,2336,0.2714041095890411,0.7264554794520548,0.0,0.0021404109589041095
ALL,-3 to -2,17,514,2,1700,0,2216,0.2319494584837545,0.7671480144404332,0.0,0.0009025270758122744
ALL,-3 to -2,18,371,7,1102,0,1480,0.25067567567567567,0.7445945945945946,0.0,0.00472972972972973
ALL,-3 to -2,19,218,0,585,0,803,0.2714819427148194,0.7285180572851806,0.0,0.0
ALL,-3 to -2,20,150,1,652,0,803,0.18679950186799502,0.8119551681195517,0.0,0.0012453300124533001
ALL,-3 to -2,21,106,0,638,0,744,0.1424731182795699,0.8575268817204301,0.0,0.0
ALL,-3 to -2,22,94,0,491,0,585,0.1606837606837607,0.8393162393162393,0.0,0.0
ALL,-3 to -2,23,35,0,251,0,286,0.12237762237762238,0.8776223776223776,0.0,0.0
ALL,-2 to -1,0,3459,0,0,0,3459,1.0,0.0,0.0,0.0
ALL,-2 to -1,1,3416,3,40,0,3459,0.9875686614628505,0.01156403584851113,0.0,0.0008673026886383347
ALL,-2 to -1,2,3397,2,60,0,3459,0.9820757444348077,0.017346053772766695,0.0,0.0005782017924255566
ALL,-2 to -1,3,3366,0,93,0,3459,0.9731136166522116,0.026886383347788378,0.0,0.0
ALL,-2 to -1,4,3334,0,125,0,3459,0.9638623879734027,0.03613761202659728,0.0,0.0
ALL,-2 to -1,5,3286,1,172,0,3459,0.9499855449551894,0.04972535414859786,0.0,0.0002891008962127783
ALL,-2 to -1,6,3258,0,201,0,3459,0.9418907198612315,0.058109280138768434,0.0,0.0
ALL,-2 to -1,7,3177,2,280,0,3459,0.9184735472679966,0.08094825093957791,0.0,0.0005782017924255566
ALL,-2 to -1,8,3123,1,335,0,3459,0.9028620988725065,0.09684880023128072,0.0,0.0002891008962127783
ALL,-2 to -1,9,3008,2,449,0,3459,0.869615495808037,0.12980630239953744,0.0,0.0005782017924255566
ALL,-2 to -1,10,2949,3,507,0,3459,0.852558542931483,0.14657415437987859,0.0,0.0008673026886383347
ALL,-2 to -1,11,2843,4,612,0,3459,0.8219138479329285,0.1769297484822203,0.0,0.0011564035848511131
ALL,-2 to -1,12,2734,4,721,0,3459,0.7904018502457357,0.20844174616941313,0.0,0.0011564035848511131
ALL,-2 to -1,13,2546,6,907,0,3459,0.7360508817577335,0.26221451286498987,0.0,0.0017346053772766695
ALL,-2 to -1,14,2390,14,1055,0,3459,0.69095114194854,0.30500144550448105,0.0,0.004047412546978896
ALL,-2 to -1,15,2132,8,1319,0,3459,0.6163631107256432,0.3813240821046545,0.0,0.0023128071697022263
ALL,-2 to -1,16,1854,13,1570,0,3437,0.5394239162059936,0.4567937154495199,0.0,0.003782368344486471
ALL,-2 to -1,17,1472,12,1783,0,3267,0.4505662687480869,0.5457606366697276,0.0,0.0036730945821854912
ALL,-2 to -1,18,1038,11,1159,0,2208,0.4701086956521739,0.5249094202898551,0.0,0.004981884057971014
ALL,-2 to -1,19,650,9,569,0,1228,0.5293159609120521,0.46335504885993484,0.0,0.007328990228013029
ALL,-2 to -1,20,534,4,690,0,1228,0.43485342019543977,0.5618892508143323,0.0,0.003257328990228013
ALL,-2 to -1,21,421,1,722,0,1144,0.368006993006993,0.6311188811188811,0.0,0.0008741258741258741
ALL,-2 to -1,22,300,3,589,0,892,0.336322869955157,0.6603139013452914,0.0,0.0033632286995515697
ALL,-2 to -1,23,123,0,294,0,417,0.2949640287769784,0.7050359712230215,0.0,0.0
ALL,-1 to 0,0,5080,0,0,0,5080,1.0,0.0,0.0,0.0
ALL,-1 to 0,1,5078,2,0,0,5080,0.9996062992125985,0.0,0.0,0.0003937007874015748
ALL,-1 to 0,2,5077,3,0,0,5080,0.9994094488188976,0.0,0.0,0.0005905511811023622
ALL,-1 to 0,3,5073,4,3,0,5080,0.9986220472440945,0.0005905511811023622,0.0,0.0007874015748031496
ALL,-1 to 0,4,5072,3,5,0,5080,0.9984251968503937,0.000984251968503937,0.0,0.0005905511811023622
ALL,-1 to 0,5,5072,0,8,0,5080,0.9984251968503937,0.0015748031496062992,0.0,0.0
ALL,-1 to 0,6,5064,1,15,0,5080,0.9968503937007874,0.002952755905511811,0.0,0.0001968503937007874
ALL,-1 to 0,7,5061,1,18,0,5080,0.996259842519685,0.003543307086614173,0.0,0.0001968503937007874
ALL,-1 to 0,8,5050,0,30,0,5080,0.9940944881889764,0.005905511811023622,0.0,0.0
ALL,-1 to 0,9,5036,0,44,0,5080,0.9913385826771653,0.008661417322834646,0.0,0.0
ALL,-1 to 0,10,5012,0,68,0,5080,0.9866141732283464,0.013385826771653543,0.0,0.0
ALL,-1 to 0,11,4972,0,108,0,5080,0.978740157480315,0.02125984251968504,0.0,0.0
ALL,-1 to 0,12,4924,1,155,0,5080,0.9692913385826771,0.03051181102362205,0.0,0.0001968503937007874
ALL,-1 to 0,13,4837,3,240,0,5080,0.9521653543307087,0.047244094488188976,0.0,0.0005905511811023622
ALL,-1 to 0,14,4698,4,378,0,5080,0.9248031496062992,0.07440944881889763,0.0,0.0007874015748031496
ALL,-1 to 0,15,4535,4,541,0,5080,0.8927165354330708,0.10649606299212598,0.0,0.0007874015748031496
ALL,-1 to 0,16,4289,4,755,0,5048,0.8496434231378764,0.14956418383518225,0.0,0.000792393026941363
ALL,-1 to 0,17,3785,11,1001,0,4797,0.7890348134250573,0.2086720867208672,0.0,0.002293099854075464
ALL,-1 to 0,18,2562,2,700,0,3264,0.7849264705882353,0.21446078431372548,0.0,0.0006127450980392157
ALL,-1 to 0,19,1519,5,306,0,1830,0.8300546448087431,0.16721311475409836,0.0,0.00273224043715847
ALL,-1 to 0,20,1393,6,431,0,1830,0.7612021857923498,0.2355191256830601,0.0,0.003278688524590164
ALL,-1 to 0,21,1226,7,480,0,1713,0.7157034442498541,0.28021015761821366,0.0,0.004086398131932283
ALL,-1 to 0,22,913,3,407,0,1323,0.690098261526833,0.30763416477702193,0.0,0.0022675736961451248
ALL,-1 to 0,23,417,0,223,0,640,0.6515625,0.3484375,0.0,0.0
ALL,0 to 1,0,4588,0,0,0,4588,1.0,0.0,0.0,0.0
ALL,0 to 1,1,4586,2,0,0,4588,0.9995640802092415,0.0,0.0,0.00043591979075850045
ALL,0 to 1,2,4581,7,0,0,4588,0.9984742807323452,0.0,0.0,0.0015257192676547515
ALL,0 to 1,3,4586,2,0,0,4588,0.9995640802092415,0.0,0.0,0.00043591979075850045
ALL,0 to 1,4,4586,0,2,0,4588,0.9995640802092415,0.00043591979075850045,0.0,0.0
ALL,0 to 1,5,4579,1,8,0,4588,0.9980383609415867,0.0017436791630340018,0.0,0.00021795989537925023
ALL,0 to 1,6,4573,1,14,0,4588,0.9967306015693113,0.003051438535309503,0.0,0.00021795989537925023
ALL,0 to 1,7,4548,1,39,0,4588,0.99128160418483,0.008500435919790758,0.0,0.00021795989537925023
ALL,0 to 1,8,4529,1,58,0,4588,0.9871403661726242,0.012641673931996512,0.0,0.00021795989537925023
ALL,0 to 1,9,4498,1,89,0,4588,0.9803836094158674,0.01939843068875327,0.0,0.00021795989537925023
ALL,0 to 1,10,4438,4,146,0,4588,0.9673060156931125,0.03182214472537053,0.0,0.0008718395815170009
ALL,0 to 1,11,4396,1,191,0,4588,0.958151700087184,0.04163034001743679,0.0,0.00021795989537925023
ALL,0 to 1,12,4353,3,232,0,4588,0.9487794245858762,0.05056669572798605,0.0,0.0006538796861377507
ALL,0 to 1,13,4261,3,324,0,4588,0.9287271142109852,0.07061900610287707,0.0,0.0006538796861377507
ALL,0 to 1,14,4099,4,485,0,4588,0.8934176111595467,0.10571054925893636,0.0,0.0008718395815170009
ALL,0 to 1,15,3923,9,656,0,4588,0.8550566695727986,0.14298169136878813,0.0,0.001961639058413252
ALL,0 to 1,16,3655,6,897,0,4558,0.8018867924528302,0.19679684071961387,0.0,0.0013163668275559457
ALL,0 to 1,17,3192,9,1125,0,4326,0.7378640776699029,0.26005547850208044,0.0,0.0020804438280166435
ALL,0 to 1,18,2201,22,741,0,2964,0.7425775978407557,0.25,0.0,0.007422402159244264
ALL,0 to 1,19,1377,1,299,0,1677,0.8211091234347049,0.17829457364341086,0.0,0.0005963029218843172
ALL,0 to 1,20,1270,2,405,0,1677,0.7573047107930829,0.24150268336314848,0.0,0.0011926058437686344
ALL,0 to 1,21,1050,2,509,0,1561,0.672645739910314,0.32607303010890454,0.0,0.0012812299807815502
ALL,0 to 1,22,710,1,490,0,1201,0.5911740216486261,0.4079933388842631,0.0,0.0008326394671107411
ALL,0 to 1,23,306,0,285,0,591,0.5177664974619289,0.48223350253807107,0.0,0.0
ALL,1 to 2,0,4183,0,0,0,4183,1.0,0.0,0.0,0.0
ALL,1 to 2,1,4124,1,58,0,4183,0.9858952904613913,0.013865646665072914,0.0,0.0002390628735357399
ALL,1 to 2,2,4094,1,88,0,4183,0.9787234042553191,0.021037532871145112,0.0,0.0002390628735357399
ALL,1 to 2,3,4040,2,141,0,4183,0.9658140090843892,0.033707865168539325,0.0,0.0004781257470714798
ALL,1 to 2,4,3984,0,199,0,4183,0.9524264881663878,0.04757351183361224,0.0,0.0
ALL,1 to 2,5,3900,0,283,0,4183,0.9323452067893856,0.06765479321061439,0.0,0.0
ALL,1 to 2,6,3798,1,384,0,4183,0.9079607936887402,0.09180014343772412,0.0,0.0002390628735357399
ALL,1 to 2,7,3740,2,441,0,4183,0.8940951470236672,0.1054267272292613,0.0,0.0004781257470714798
ALL,1 to 2,8,3634,1,548,0,4183,0.8687544824288788,0.13100645469758546,0.0,0.0002390628735357399
ALL,1 to 2,9,3549,2,632,0,4183,0.8484341381783409,0.15108773607458761,0.0,0.0004781257470714798
ALL,1 to 2,10,3382,1,800,0,4183,0.8085106382978723,0.19125029882859193,0.0,0.0002390628735357399
ALL,1 to 2,11,3275,3,905,0,4183,0.7829309108295481,0.2163519005498446,0.0,0.0007171886206072197
ALL,1 to 2,12,3119,2,1062,0,4183,0.7456371025579728,0.25388477169495577,0.0,0.0004781257470714798
ALL,1 to 2,13,2930,5,1248,0,4183,0.7004542194597179,0.2983504661726034,0.0,0.0011953143676786994
ALL,1 to 2,14,2608,8,1567,0,4183,0.6234759741812097,0.3746115228305044,0.0,0.0019125029882859192
ALL,1 to 2,15,2242,9,1932,0,4183,0.5359789624671288,0.46186947167104947,0.0,0.002151565861821659
ALL,1 to 2,16,1851,16,2291,0,4158,0.44516594516594515,0.550986050986051,0.0,0.003848003848003848
ALL,1 to 2,17,1550,7,2375,0,3932,0.39420142421159715,0.6040183112919634,0.0,0.001780264496439471
ALL,1 to 2,18,1090,7,1587,0,2684,0.4061102831594635,0.5912816691505216,0.0,0.0026080476900149033
ALL,1 to 2,19,736,3,769,0,1508,0.4880636604774536,0.5099469496021221,0.0,0.001989389920424403
ALL,1 to 2,20,602,2,904,0,1508,0.39920424403183025,0.5994694960212201,0.0,0.001326259946949602
ALL,1 to 2,21,448,9,948,0,1405,0.3188612099644128,0.6747330960854092,0.0,0.006405693950177936
ALL,1 to 2,22,236,3,865,0,1104,0.213768115942029,0.7835144927536232,0.0,0.002717391304347826
ALL,1 to 2,23,100,0,420,0,520,0.19230769230769232,0.8076923076923077,0.0,0.0
ALL,2 to 3,0,2927,0,0,0,2927,1.0,0.0,0.0,0.0
ALL,2 to 3,1,2771,1,155,0,2927,0.9467031089853092,0.05295524427741715,0.0,0.00034164673727365904
ALL,2 to 3,2,2664,0,263,0,2927,0.9101469080970277,0.08985309190297233,0.0,0.0
ALL,2 to 3,3,2590,2,335,0,2927,0.8848650495387769,0.11445165698667578,0.0,0.0006832934745473181
ALL,2 to 3,4,2518,2,407,0,2927,0.8602664844550735,0.13905022207037923,0.0,0.0006832934745473181
ALL,2 to 3,5,2414,2,511,0,2927,0.824735223778613,0.17458148274683977,0.0,0.0006832934745473181
ALL,2 to 3,6,2276,0,651,0,2927,0.7775879740348479,0.22241202596515203,0.0,0.0
ALL,2 to 3,7,2170,2,755,0,2927,0.7413734198838401,0.2579432866416126,0.0,0.0006832934745473181
ALL,2 to 3,8,2042,1,884,0,2927,0.6976426375128117,0.3020157157499146,0.0,0.00034164673727365904
ALL,2 to 3,9,1910,9,1008,0,2927,0.6525452681926888,0.3443799111718483,0.0,0.0030748206354629312
ALL,2 to 3,10,1703,17,1207,0,2927,0.5818243935770413,0.4123676118893065,0.0,0.0058079945336522035
ALL,2 to 3,11,1567,4,1356,0,2927,0.5353604373078237,0.4632729757430816,0.0,0.0013665869490946361
ALL,2 to 3,12,1423,6,1498,0,2927,0.48616330714041683,0.5117868124359413,0.0,0.0020498804236419544
ALL,2 to 3,13,1217,12,1698,0,2927,0.415784079262043,0.580116159890673,0.0,0.004099760847283909
ALL,2 to 3,14,968,8,1951,0,2927,0.33071404168090196,0.6665527844209088,0.0,0.0027331738981892723
ALL,2 to 3,15,756,5,2166,0,2927,0.25828493337888625,0.7400068329347455,0.0,0.0017082336863682953
ALL,2 to 3,16,615,8,2282,0,2905,0.2117039586919105,0.7855421686746988,0.0,0.002753872633390706
ALL,2 to 3,17,471,2,2243,0,2716,0.17341678939617083,0.8258468335787923,0.0,0.0007363770250368188
ALL,2 to 3,18,322,5,1494,0,1821,0.17682591982427237,0.8204283360790774,0.0,0.0027457440966501922
ALL,2 to 3,19,238,2,799,0,1039,0.22906641000962463,0.7690086621751684,0.0,0.0019249278152069298
ALL,2 to 3,20,195,3,841,0,1039,0.18768046198267566,0.809432146294514,0.0,0.0028873917228103944
ALL,2 to 3,21,116,7,839,0,962,0.12058212058212059,0.8721413721413721,0.0,0.007276507276507277
ALL,2 to 3,22,78,0,658,0,736,0.10597826086956522,0.8940217391304348,0.0,0.0
ALL,2 to 3,23,38,0,297,0,335,0.11343283582089553,0.8865671641791045,0.0,0.0
ALL,3 up,0,3520,0,0,0,3520,1.0,0.0,0.0,0.0
ALL,3 up,1,2927,7,586,0,3520,0.8315340909090909,0.16647727272727272,0.0,0.0019886363636363634
ALL,3 up,2,2718,8,794,0,3520,0.772159090909091,0.2255681818181818,0.0,0.0022727272727272726
ALL,3 up,3,2450,3,1067,0,3520,0.6960227272727273,0.303125,0.0,0.0008522727272727272
ALL,3 up,4,2253,9,1258,0,3520,0.6400568181818181,0.3573863636363636,0.0,0.002556818181818182
ALL,3 up,5,2006,11,1503,0,3520,0.5698863636363637,0.4269886363636364,0.0,0.003125
ALL,3 up,6,1821,14,1685,0,3520,0.5173295454545455,0.4786931818181818,0.0,0.003977272727272727
ALL,3 up,7,1602,5,1913,0,3520,0.4551136363636364,0.5434659090909091,0.0,0.0014204545454545455
ALL,3 up,8,1449,16,2055,0,3520,0.41164772727272725,0.5838068181818182,0.0,0.004545454545454545
ALL,3 up,9,1228,16,2276,0,3520,0.3488636363636364,0.6465909090909091,0.0,0.004545454545454545
ALL,3 up,10,983,14,2523,0,3520,0.2792613636363636,0.7167613636363637,0.0,0.003977272727272727
ALL,3 up,11,879,10,2631,0,3520,0.2497159090909091,0.7474431818181818,0.0,0.002840909090909091
ALL,3 up,12,697,8,2815,0,3520,0.19801136363636362,0.7997159090909091,0.0,0.0022727272727272726
ALL,3 up,13,617,10,2893,0,3520,0.17528409090909092,0.821875,0.0,0.002840909090909091
ALL,3 up,14,451,10,3059,0,3520,0.128125,0.8690340909090909,0.0,0.002840909090909091
ALL,3 up,15,323,3,3194,0,3520,0.09176136363636364,0.9073863636363636,0.0,0.0008522727272727272
ALL,3 up,16,282,5,3210,0,3497,0.08064054904203603,0.9179296539891335,0.0,0.0014297969688304261
ALL,3 up,17,236,2,3042,0,3280,0.07195121951219512,0.927439024390244,0.0,0.0006097560975609756
ALL,3 up,18,185,6,1969,0,2160,0.08564814814814815,0.9115740740740741,0.0,0.002777777777777778
ALL,3 up,19,114,4,1102,0,1220,0.09344262295081968,0.9032786885245901,0.0,0.003278688524590164
ALL,3 up,20,84,0,1136,0,1220,0.06885245901639345,0.9311475409836065,0.0,0.0
ALL,3 up,21,48,0,1063,0,1111,0.043204320432043204,0.9567956795679567,0.0,0.0
ALL,3 up,22,29,0,835,0,864,0.03356481481481482,0.9664351851851852,0.0,0.0
ALL,3 up,23,9,0,378,0,387,0.023255813953488372,0.9767441860465116,0.0,0.0
GLD,below -3,0,2670,0,0,0,2670,1.0,0.0,0.0,0.0
GLD,below -3,1,2387,0,283,0,2670,0.8940074906367041,0.10599250936329588,0.0,0.0
GLD,below -3,2,2313,0,357,0,2670,0.8662921348314607,0.13370786516853933,0.0,0.0
GLD,below -3,3,2199,4,467,0,2670,0.8235955056179776,0.1749063670411985,0.0,0.00149812734082397
GLD,below -3,4,2109,0,561,0,2670,0.7898876404494382,0.2101123595505618,0.0,0.0
GLD,below -3,5,1894,3,773,0,2670,0.7093632958801498,0.2895131086142322,0.0,0.0011235955056179776
GLD,below -3,6,1736,2,932,0,2670,0.650187265917603,0.349063670411985,0.0,0.000749063670411985
GLD,below -3,7,1597,3,1070,0,2670,0.59812734082397,0.40074906367041196,0.0,0.0011235955056179776
GLD,below -3,8,1465,1,1204,0,2670,0.548689138576779,0.450936329588015,0.0,0.0003745318352059925
GLD,below -3,9,1229,6,1435,0,2670,0.4602996254681648,0.5374531835205992,0.0,0.0022471910112359553
GLD,below -3,10,1035,1,1634,0,2670,0.38764044943820225,0.6119850187265917,0.0,0.0003745318352059925
GLD,below -3,11,873,1,1796,0,2670,0.32696629213483147,0.6726591760299625,0.0,0.0003745318352059925
GLD,below -3,12,736,8,1926,0,2670,0.27565543071161047,0.7213483146067415,0.0,0.00299625468164794
GLD,below -3,13,610,5,2055,0,2670,0.22846441947565543,0.7696629213483146,0.0,0.0018726591760299626
GLD,below -3,14,435,8,2227,0,2670,0.16292134831460675,0.8340823970037453,0.0,0.00299625468164794
GLD,below -3,15,328,6,2336,0,2670,0.12284644194756554,0.8749063670411985,0.0,0.0022471910112359553
GLD,below -3,16,239,2,2399,0,2640,0.09053030303030303,0.9087121212121212,0.0,0.0007575757575757576
GLD,below -3,17,193,0,2323,0,2516,0.07670906200317965,0.9232909379968204,0.0,0.0
GLD,below -3,18,123,1,1467,0,1591,0.07730986800754243,0.9220615964802011,0.0,0.0006285355122564425
GLD,below -3,19,70,0,785,0,855,0.08187134502923976,0.9181286549707602,0.0,0.0
GLD,below -3,20,52,0,803,0,855,0.0608187134502924,0.9391812865497076,0.0,0.0
GLD,below -3,21,32,0,753,0,785,0.04076433121019108,0.9592356687898089,0.0,0.0
GLD,below -3,22,28,0,596,0,624,0.04487179487179487,0.9551282051282052,0.0,0.0
GLD,below -3,23,0,0,251,0,251,0.0,1.0,0.0,0.0
GLD,-3 to -2,0,1261,0,0,0,1261,1.0,0.0,0.0,0.0
GLD,-3 to -2,1,1243,0,18,0,1261,0.985725614591594,0.014274385408406027,0.0,0.0
GLD,-3 to -2,2,1241,0,20,0,1261,0.9841395717684377,0.01586042823156225,0.0,0.0
GLD,-3 to -2,3,1215,0,46,0,1261,0.9635210150674068,0.03647898493259318,0.0,0.0
GLD,-3 to -2,4,1209,1,51,0,1261,0.9587628865979382,0.040444091990483745,0.0,0.0007930214115781126
GLD,-3 to -2,5,1202,0,59,0,1261,0.9532117367168914,0.046788263283108644,0.0,0.0
GLD,-3 to -2,6,1185,0,76,0,1261,0.9397303727200634,0.06026962727993656,0.0,0.0
GLD,-3 to -2,7,1154,0,107,0,1261,0.9151467089611419,0.08485329103885805,0.0,0.0
GLD,-3 to -2,8,1136,0,125,0,1261,0.9008723235527359,0.09912767644726407,0.0,0.0
GLD,-3 to -2,9,1082,0,179,0,1261,0.8580491673275178,0.14195083267248215,0.0,0.0
GLD,-3 to -2,10,1024,0,237,0,1261,0.8120539254559873,0.1879460745440127,0.0,0.0
GLD,-3 to -2,11,959,0,302,0,1261,0.76050753370341,0.23949246629659002,0.0,0.0
GLD,-3 to -2,12,906,1,354,0,1261,0.71847739888977,0.28072957969865187,0.0,0.0007930214115781126
GLD,-3 to -2,13,804,6,451,0,1261,0.6375892149088025,0.3576526566217288,0.0,0.004758128469468675
GLD,-3 to -2,14,691,2,568,0,1261,0.5479777954004759,0.45043616177636797,0.0,0.0015860428231562252
GLD,-3 to -2,15,589,7,665,0,1261,0.46708961141950833,0.5273592386994449,0.0,0.0055511498810467885
GLD,-3 to -2,16,443,5,806,0,1254,0.3532695374800638,0.6427432216905901,0.0,0.003987240829346092
GLD,-3 to -2,17,353,1,837,0,1191,0.2963895885810244,0.7027707808564232,0.0,0.0008396305625524769
GLD,-3 to -2,18,244,6,539,0,789,0.30925221799746516,0.6831432192648923,0.0,0.0076045627376425855
GLD,-3 to -2,19,138,0,282,0,420,0.32857142857142857,0.6714285714285714,0.0,0.0
GLD,-3 to -2,20,102,0,318,0,420,0.24285714285714285,0.7571428571428571,0.0,0.0
GLD,-3 to -2,21,69,0,320,0,389,0.17737789203084833,0.8226221079691517,0.0,0.0
GLD,-3 to -2,22,64,0,246,0,310,0.2064516129032258,0.7935483870967742,0.0,0.0
GLD,-3 to -2,23,16,0,143,0,159,0.10062893081761007,0.89937106918239,0.0,0.0
GLD,-2 to -1,0,1599,0,0,0,1599,1.0,0.0,0.0,0.0
GLD,-2 to -1,1,1595,1,3,0,1599,0.9974984365228268,0.001876172607879925,0.0,0.0006253908692933083
GLD,-2 to -1,2,1598,0,1,0,1599,0.9993746091307066,0.0006253908692933083,0.0,0.0
GLD,-2 to -1,3,1595,0,4,0,1599,0.9974984365228268,0.0025015634771732333,0.0,0.0
GLD,-2 to -1,4,1587,0,12,0,1599,0.9924953095684803,0.0075046904315197,0.0,0.0
GLD,-2 to -1,5,1586,1,12,0,1599,0.991869918699187,0.0075046904315197,0.0,0.0006253908692933083
GLD,-2 to -1,6,1587,0,12,0,1599,0.9924953095684803,0.0075046904315197,0.0,0.0
GLD,-2 to -1,7,1567,0,32,0,1599,0.9799874921826142,0.020012507817385866,0.0,0.0
GLD,-2 to -1,8,1565,0,34,0,1599,0.9787367104440275,0.021263289555972485,0.0,0.0
GLD,-2 to -1,9,1534,1,64,0,1599,0.959349593495935,0.04002501563477173,0.0,0.0006253908692933083
GLD,-2 to -1,10,1530,0,69,0,1599,0.9568480300187617,0.043151969981238276,0.0,0.0
GLD,-2 to -1,11,1505,0,94,0,1599,0.941213258286429,0.058786741713570984,0.0,0.0
GLD,-2 to -1,12,1458,0,141,0,1599,0.9118198874296435,0.08818011257035648,0.0,0.0
GLD,-2 to -1,13,1376,3,220,0,1599,0.8605378361475923,0.13758599124452783,0.0,0.001876172607879925
GLD,-2 to -1,14,1317,6,276,0,1599,0.8236397748592871,0.1726078799249531,0.0,0.00375234521575985
GLD,-2 to -1,15,1206,1,392,0,1599,0.7542213883677298,0.24515322076297685,0.0,0.0006253908692933083
GLD,-2 to -1,16,1060,7,523,0,1590,0.6666666666666666,0.3289308176100629,0.0,0.00440251572327044
GLD,-2 to -1,17,832,7,675,0,1514,0.5495376486129459,0.44583883751651254,0.0,0.004623513870541612
GLD,-2 to -1,18,594,7,415,0,1016,0.5846456692913385,0.40846456692913385,0.0,0.006889763779527559
GLD,-2 to -1,19,377,6,176,0,559,0.6744186046511628,0.3148479427549195,0.0,0.01073345259391771
GLD,-2 to -1,20,317,1,241,0,559,0.5670840787119857,0.43112701252236135,0.0,0.0017889087656529517
GLD,-2 to -1,21,249,0,264,0,513,0.4853801169590643,0.5146198830409356,0.0,0.0
GLD,-2 to -1,22,168,0,235,0,403,0.41687344913151364,0.5831265508684863,0.0,0.0
GLD,-2 to -1,23,71,0,128,0,199,0.35678391959798994,0.6432160804020101,0.0,0.0
GLD,-1 to 0,0,2063,0,0,0,2063,1.0,0.0,0.0,0.0
GLD,-1 to 0,1,2063,0,0,0,2063,1.0,0.0,0.0,0.0
GLD,-1 to 0,2,2063,0,0,0,2063,1.0,0.0,0.0,0.0
GLD,-1 to 0,3,2063,0,0,0,2063,1.0,0.0,0.0,0.0
GLD,-1 to 0,4,2062,1,0,0,2063,0.9995152690256908,0.0,0.0,0.0004847309743092584
GLD,-1 to 0,5,2063,0,0,0,2063,1.0,0.0,0.0,0.0
GLD,-1 to 0,6,2062,0,1,0,2063,0.9995152690256908,0.0004847309743092584,0.0,0.0
GLD,-1 to 0,7,2060,1,2,0,2063,0.9985458070770722,0.0009694619486185168,0.0,0.0004847309743092584
GLD,-1 to 0,8,2061,0,2,0,2063,0.9990305380513815,0.0009694619486185168,0.0,0.0
GLD,-1 to 0,9,2060,0,3,0,2063,0.9985458070770722,0.001454192922927775,0.0,0.0
GLD,-1 to 0,10,2061,0,2,0,2063,0.9990305380513815,0.0009694619486185168,0.0,0.0
GLD,-1 to 0,11,2057,0,6,0,2063,0.9970916141541445,0.00290838584585555,0.0,0.0
GLD,-1 to 0,12,2047,0,16,0,2063,0.9922443044110518,0.007755695588948134,0.0,0.0
GLD,-1 to 0,13,2023,0,40,0,2063,0.9806107610276297,0.019389238972370333,0.0,0.0
GLD,-1 to 0,14,1990,0,73,0,2063,0.9646146388754241,0.03538536112457586,0.0,0.0
GLD,-1 to 0,15,1948,2,113,0,2063,0.9442559379544353,0.054774600096946194,0.0,0.0009694619486185168
GLD,-1 to 0,16,1853,1,200,0,2054,0.9021421616358325,0.09737098344693282,0.0,0.0004868549172346641
GLD,-1 to 0,17,1628,4,324,0,1956,0.8323108384458078,0.1656441717791411,0.0,0.002044989775051125
GLD,-1 to 0,18,1108,1,213,0,1322,0.8381240544629349,0.16111951588502268,0.0,0.0007564296520423601
GLD,-1 to 0,19,650,2,82,0,734,0.885558583106267,0.11171662125340599,0.0,0.0027247956403269754
GLD,-1 to 0,20,608,1,125,0,734,0.8283378746594006,0.17029972752043596,0.0,0.0013623978201634877
GLD,-1 to 0,21,540,2,137,0,679,0.7952871870397643,0.20176730486008837,0.0,0.0029455081001472753
GLD,-1 to 0,22,403,1,131,0,535,0.7532710280373832,0.24485981308411214,0.0,0.001869158878504673
GLD,-1 to 0,23,167,0,103,0,270,0.6185185185185185,0.3814814814814815,0.0,0.0
GLD,0 to 1,0,1952,0,0,0,1952,1.0,0.0,0.0,0.0
GLD,0 to 1,1,1952,0,0,0,1952,1.0,0.0,0.0,0.0
GLD,0 to 1,2,1951,1,0,0,1952,0.9994877049180327,0.0,0.0,0.0005122950819672131
GLD,0 to 1,3,1952,0,0,0,1952,1.0,0.0,0.0,0.0
GLD,0 to 1,4,1952,0,0,0,1952,1.0,0.0,0.0,0.0
GLD,0 to 1,5,1952,0,0,0,1952,1.0,0.0,0.0,0.0
GLD,0 to 1,6,1952,0,0,0,1952,1.0,0.0,0.0,0.0
GLD,0 to 1,7,1950,0,2,0,1952,0.9989754098360656,0.0010245901639344263,0.0,0.0
GLD,0 to 1,8,1950,1,1,0,1952,0.9989754098360656,0.0005122950819672131,0.0,0.0005122950819672131
GLD,0 to 1,9,1950,0,2,0,1952,0.9989754098360656,0.0010245901639344263,0.0,0.0
GLD,0 to 1,10,1945,1,6,0,1952,0.9964139344262295,0.0030737704918032786,0.0,0.0005122950819672131
GLD,0 to 1,11,1937,1,14,0,1952,0.9923155737704918,0.007172131147540984,0.0,0.0005122950819672131
GLD,0 to 1,12,1931,1,20,0,1952,0.9892418032786885,0.010245901639344262,0.0,0.0005122950819672131
GLD,0 to 1,13,1925,2,25,0,1952,0.9861680327868853,0.012807377049180328,0.0,0.0010245901639344263
GLD,0 to 1,14,1906,0,46,0,1952,0.9764344262295082,0.0235655737704918,0.0,0.0
GLD,0 to 1,15,1839,3,110,0,1952,0.9421106557377049,0.05635245901639344,0.0,0.0015368852459016393
GLD,0 to 1,16,1755,1,187,0,1943,0.903242408646423,0.09624292331446217,0.0,0.000514668039114771
GLD,0 to 1,17,1544,4,306,0,1854,0.8327939590075513,0.1650485436893204,0.0,0.002157497303128371
GLD,0 to 1,18,1016,16,214,0,1246,0.8154093097913323,0.17174959871589085,0.0,0.012841091492776886
GLD,0 to 1,19,639,0,61,0,700,0.9128571428571428,0.08714285714285715,0.0,0.0
GLD,0 to 1,20,587,1,112,0,700,0.8385714285714285,0.16,0.0,0.0014285714285714286
GLD,0 to 1,21,488,0,158,0,646,0.7554179566563467,0.24458204334365324,0.0,0.0
GLD,0 to 1,22,345,1,160,0,506,0.6818181818181818,0.31620553359683795,0.0,0.001976284584980237
GLD,0 to 1,23,151,0,116,0,267,0.5655430711610487,0.4344569288389513,0.0,0.0
GLD,1 to 2,0,1730,0,0,0,1730,1.0,0.0,0.0,0.0
GLD,1 to 2,1,1728,1,1,0,1730,0.9988439306358381,0.0005780346820809249,0.0,0.0005780346820809249
GLD,1 to 2,2,1724,0,6,0,1730,0.9965317919075144,0.003468208092485549,0.0,0.0
GLD,1 to 2,3,1725,0,5,0,1730,0.9971098265895953,0.002890173410404624,0.0,0.0
GLD,1 to 2,4,1724,0,6,0,1730,0.9965317919075144,0.003468208092485549,0.0,0.0
GLD,1 to 2,5,1720,0,10,0,1730,0.9942196531791907,0.005780346820809248,0.0,0.0
GLD,1 to 2,6,1714,0,16,0,1730,0.9907514450867052,0.009248554913294798,0.0,0.0
GLD,1 to 2,7,1705,1,24,0,1730,0.9855491329479769,0.013872832369942197,0.0,0.0005780346820809249
GLD,1 to 2,8,1691,0,39,0,1730,0.977456647398844,0.02254335260115607,0.0,0.0
GLD,1 to 2,9,1681,0,49,0,1730,0.9716763005780347,0.028323699421965318,0.0,0.0
GLD,1 to 2,10,1655,0,75,0,1730,0.9566473988439307,0.04335260115606936,0.0,0.0
GLD,1 to 2,11,1627,0,103,0,1730,0.9404624277456647,0.05953757225433526,0.0,0.0
GLD,1 to 2,12,1574,1,155,0,1730,0.9098265895953758,0.08959537572254335,0.0,0.0005780346820809249
GLD,1 to 2,13,1528,1,201,0,1730,0.8832369942196532,0.1161849710982659,0.0,0.0005780346820809249
GLD,1 to 2,14,1384,2,344,0,1730,0.8,0.19884393063583816,0.0,0.0011560693641618498
GLD,1 to 2,15,1233,2,495,0,1730,0.7127167630057804,0.2861271676300578,0.0,0.0011560693641618498
GLD,1 to 2,16,1003,9,709,0,1721,0.5828006972690296,0.41196978500871584,0.0,0.005229517722254503
GLD,1 to 2,17,833,2,803,0,1638,0.5085470085470085,0.4902319902319902,0.0,0.001221001221001221
GLD,1 to 2,18,578,0,517,0,1095,0.5278538812785388,0.47214611872146117,0.0,0.0
GLD,1 to 2,19,394,3,215,0,612,0.6437908496732027,0.35130718954248363,0.0,0.004901960784313725
GLD,1 to 2,20,321,0,291,0,612,0.5245098039215687,0.47549019607843135,0.0,0.0
GLD,1 to 2,21,242,3,319,0,564,0.42907801418439717,0.5656028368794326,0.0,0.005319148936170213
GLD,1 to 2,22,133,1,311,0,445,0.298876404494382,0.698876404494382,0.0,0.0022471910112359553
GLD,1 to 2,23,74,0,162,0,236,0.3135593220338983,0.6864406779661016,0.0,0.0
GLD,2 to 3,0,1382,0,0,0,1382,1.0,0.0,0.0,0.0
GLD,2 to 3,1,1357,0,25,0,1382,0.9819102749638206,0.01808972503617945,0.0,0.0
GLD,2 to 3,2,1342,0,40,0,1382,0.9710564399421129,0.02894356005788712,0.0,0.0
GLD,2 to 3,3,1341,0,41,0,1382,0.9703328509406657,0.029667149059334298,0.0,0.0
GLD,2 to 3,4,1325,0,57,0,1382,0.9587554269175108,0.04124457308248915,0.0,0.0
GLD,2 to 3,5,1302,0,80,0,1382,0.9421128798842258,0.05788712011577424,0.0,0.0
GLD,2 to 3,6,1267,0,115,0,1382,0.9167872648335745,0.08321273516642547,0.0,0.0
GLD,2 to 3,7,1231,0,151,0,1382,0.8907380607814761,0.10926193921852388,0.0,0.0
GLD,2 to 3,8,1185,0,197,0,1382,0.8574529667149059,0.14254703328509408,0.0,0.0
GLD,2 to 3,9,1127,2,253,0,1382,0.8154848046309696,0.18306801736613604,0.0,0.001447178002894356
GLD,2 to 3,10,1033,9,340,0,1382,0.7474674384949349,0.2460202604920405,0.0,0.006512301013024602
GLD,2 to 3,11,973,0,409,0,1382,0.7040520984081042,0.2959479015918958,0.0,0.0
GLD,2 to 3,12,891,1,490,0,1382,0.6447178002894356,0.3545586107091172,0.0,0.000723589001447178
GLD,2 to 3,13,781,8,593,0,1382,0.565123010130246,0.42908827785817655,0.0,0.005788712011577424
GLD,2 to 3,14,633,2,747,0,1382,0.45803183791606367,0.540520984081042,0.0,0.001447178002894356
GLD,2 to 3,15,499,1,882,0,1382,0.36107091172214184,0.638205499276411,0.0,0.000723589001447178
GLD,2 to 3,16,402,3,968,0,1373,0.29278951201748,0.7050254916241806,0.0,0.0021849963583394027
GLD,2 to 3,17,315,0,982,0,1297,0.24286815728604472,0.7571318427139553,0.0,0.0
GLD,2 to 3,18,206,2,632,0,840,0.24523809523809523,0.7523809523809524,0.0,0.002380952380952381
GLD,2 to 3,19,146,1,330,0,477,0.3060796645702306,0.6918238993710691,0.0,0.0020964360587002098
GLD,2 to 3,20,127,1,349,0,477,0.2662473794549266,0.7316561844863732,0.0,0.0020964360587002098
GLD,2 to 3,21,79,2,360,0,441,0.17913832199546487,0.8163265306122449,0.0,0.0045351473922902496
GLD,2 to 3,22,59,0,288,0,347,0.17002881844380405,0.829971181556196,0.0,0.0
GLD,2 to 3,23,32,0,131,0,163,0.19631901840490798,0.803680981595092,0.0,0.0
GLD,3 up,0,2063,0,0,0,2063,1.0,0.0,0.0,0.0
GLD,3 up,1,1789,1,273,0,2063,0.8671837130392632,0.13233155598642754,0.0,0.0004847309743092584
GLD,3 up,2,1698,1,364,0,2063,0.8230731943771207,0.17644207464857004,0.0,0.0004847309743092584
GLD,3 up,3,1539,0,524,0,2063,0.7460009694619486,0.2539990305380514,0.0,0.0
GLD,3 up,4,1445,2,616,0,2063,0.7004362578768784,0.2985942801745031,0.0,0.0009694619486185168
GLD,3 up,5,1311,5,747,0,2063,0.6354823073194377,0.362094037809016,0.0,0.0024236548715462916
GLD,3 up,6,1231,3,829,0,2063,0.596703829374697,0.4018419777023752,0.0,0.001454192922927775
GLD,3 up,7,1095,2,966,0,2063,0.5307804168686379,0.46825012118274356,0.0,0.0009694619486185168
GLD,3 up,8,986,10,1067,0,2063,0.4779447406689287,0.5172079495879787,0.0,0.004847309743092583
GLD,3 up,9,839,8,1216,0,2063,0.4066892874454678,0.5894328647600582,0.0,0.003877847794474067
GLD,3 up,10,701,10,1352,0,2063,0.3397964129907901,0.6553562772661173,0.0,0.004847309743092583
GLD,3 up,11,644,8,1411,0,2063,0.3121667474551624,0.6839554047503635,0.0,0.003877847794474067
GLD,3 up,12,512,5,1546,0,2063,0.2481822588463403,0.7493940862821135,0.0,0.0024236548715462916
GLD,3 up,13,451,3,1609,0,2063,0.21861366941347551,0.7799321376635967,0.0,0.001454192922927775
GLD,3 up,14,329,4,1730,0,2063,0.159476490547746,0.8385845855550169,0.0,0.0019389238972370335
GLD,3 up,15,242,2,1819,0,2063,0.11730489578284052,0.881725642268541,0.0,0.0009694619486185168
GLD,3 up,16,216,2,1834,0,2052,0.10526315789473684,0.8937621832358674,0.0,0.0009746588693957114
GLD,3 up,17,189,2,1745,0,1936,0.09762396694214875,0.9013429752066116,0.0,0.0010330578512396695
GLD,3 up,18,137,4,1124,0,1265,0.108300395256917,0.8885375494071146,0.0,0.0031620553359683794
GLD,3 up,19,83,2,639,0,724,0.11464088397790055,0.8825966850828729,0.0,0.0027624309392265192
GLD,3 up,20,59,0,665,0,724,0.08149171270718232,0.9185082872928176,0.0,0.0
GLD,3 up,21,36,0,616,0,652,0.05521472392638037,0.9447852760736196,0.0,0.0
GLD,3 up,22,23,0,483,0,506,0.045454545454545456,0.9545454545454546,0.0,0.0
GLD,3 up,23,4,0,235,0,239,0.016736401673640166,0.9832635983263598,0.0,0.0
SLV,below -3,0,271,0,0,0,271,1.0,0.0,0.0,0.0
SLV,below -3,1,216,0,55,0,271,0.7970479704797048,0.2029520295202952,0.0,0.0
SLV,below -3,2,194,1,76,0,271,0.7158671586715867,0.28044280442804426,0.0,0.0036900369003690036
SLV,below -3,3,178,1,92,0,271,0.6568265682656826,0.33948339483394835,0.0,0.0036900369003690036
SLV,below -3,4,160,2,109,0,271,0.5904059040590406,0.4022140221402214,0.0,0.007380073800738007
SLV,below -3,5,136,0,135,0,271,0.5018450184501845,0.4981549815498155,0.0,0.0
SLV,below -3,6,124,1,146,0,271,0.4575645756457565,0.5387453874538746,0.0,0.0036900369003690036
SLV,below -3,7,104,0,167,0,271,0.3837638376383764,0.6162361623616236,0.0,0.0
SLV,below -3,8,89,1,181,0,271,0.3284132841328413,0.6678966789667896,0.0,0.0036900369003690036
SLV,below -3,9,76,0,195,0,271,0.28044280442804426,0.7195571955719557,0.0,0.0
SLV,below -3,10,65,0,206,0,271,0.23985239852398524,0.7601476014760148,0.0,0.0
SLV,below -3,11,49,0,222,0,271,0.18081180811808117,0.8191881918819188,0.0,0.0
SLV,below -3,12,48,0,223,0,271,0.17712177121771217,0.8228782287822878,0.0,0.0
SLV,below -3,13,36,0,235,0,271,0.13284132841328414,0.8671586715867159,0.0,0.0
SLV,below -3,14,31,0,240,0,271,0.11439114391143912,0.8856088560885609,0.0,0.0
SLV,below -3,15,19,0,252,0,271,0.07011070110701106,0.9298892988929889,0.0,0.0
SLV,below -3,16,22,0,249,0,271,0.08118081180811808,0.9188191881918819,0.0,0.0
SLV,below -3,17,18,0,236,0,254,0.07086614173228346,0.9291338582677166,0.0,0.0
SLV,below -3,18,17,1,154,0,172,0.09883720930232558,0.8953488372093024,0.0,0.005813953488372093
SLV,below -3,19,15,0,88,0,103,0.14563106796116504,0.8543689320388349,0.0,0.0
SLV,below -3,20,13,0,90,0,103,0.1262135922330097,0.8737864077669902,0.0,0.0
SLV,below -3,21,7,0,83,0,90,0.07777777777777778,0.9222222222222223,0.0,0.0
SLV,below -3,22,4,0,72,0,76,0.05263157894736842,0.9473684210526315,0.0,0.0
SLV,below -3,23,0,0,38,0,38,0.0,1.0,0.0,0.0
SLV,-3 to -2,0,382,0,0,0,382,1.0,0.0,0.0,0.0
SLV,-3 to -2,1,362,1,19,0,382,0.9476439790575916,0.049738219895287955,0.0,0.002617801047120419
SLV,-3 to -2,2,351,1,30,0,382,0.918848167539267,0.07853403141361257,0.0,0.002617801047120419
SLV,-3 to -2,3,327,3,52,0,382,0.856020942408377,0.13612565445026178,0.0,0.007853403141361256
SLV,-3 to -2,4,323,1,58,0,382,0.8455497382198953,0.1518324607329843,0.0,0.002617801047120419
SLV,-3 to -2,5,292,5,85,0,382,0.7643979057591623,0.22251308900523561,0.0,0.013089005235602094
SLV,-3 to -2,6,272,3,107,0,382,0.7120418848167539,0.2801047120418848,0.0,0.007853403141361256
SLV,-3 to -2,7,251,3,128,0,382,0.6570680628272252,0.33507853403141363,0.0,0.007853403141361256
SLV,-3 to -2,8,229,2,151,0,382,0.599476439790576,0.39528795811518325,0.0,0.005235602094240838
SLV,-3 to -2,9,204,3,175,0,382,0.5340314136125655,0.4581151832460733,0.0,0.007853403141361256
SLV,-3 to -2,10,189,3,190,0,382,0.49476439790575916,0.4973821989528796,0.0,0.007853403141361256
SLV,-3 to -2,11,161,1,220,0,382,0.4214659685863874,0.5759162303664922,0.0,0.002617801047120419
SLV,-3 to -2,12,136,3,243,0,382,0.35602094240837695,0.6361256544502618,0.0,0.007853403141361256
SLV,-3 to -2,13,115,0,267,0,382,0.3010471204188482,0.6989528795811518,0.0,0.0
SLV,-3 to -2,14,86,0,296,0,382,0.225130890052356,0.774869109947644,0.0,0.0
SLV,-3 to -2,15,68,1,313,0,382,0.17801047120418848,0.819371727748691,0.0,0.002617801047120419
SLV,-3 to -2,16,57,0,323,0,380,0.15,0.85,0.0,0.0
SLV,-3 to -2,17,46,0,315,0,361,0.12742382271468145,0.8725761772853186,0.0,0.0
SLV,-3 to -2,18,43,0,209,0,252,0.17063492063492064,0.8293650793650794,0.0,0.0
SLV,-3 to -2,19,28,0,114,0,142,0.19718309859154928,0.8028169014084507,0.0,0.0
SLV,-3 to -2,20,21,0,121,0,142,0.14788732394366197,0.852112676056338,0.0,0.0
SLV,-3 to -2,21,16,0,117,0,133,0.12030075187969924,0.8796992481203008,0.0,0.0
SLV,-3 to -2,22,17,0,83,0,100,0.17,0.83,0.0,0.0
SLV,-3 to -2,23,6,0,42,0,48,0.125,0.875,0.0,0.0
SLV,-2 to -1,0,485,0,0,0,485,1.0,0.0,0.0,0.0
SLV,-2 to -1,1,482,0,3,0,485,0.9938144329896907,0.006185567010309278,0.0,0.0
SLV,-2 to -1,2,479,0,6,0,485,0.9876288659793815,0.012371134020618556,0.0,0.0
SLV,-2 to -1,3,476,0,9,0,485,0.9814432989690721,0.018556701030927835,0.0,0.0
SLV,-2 to -1,4,470,0,15,0,485,0.9690721649484536,0.030927835051546393,0.0,0.0
SLV,-2 to -1,5,465,0,20,0,485,0.9587628865979382,0.041237113402061855,0.0,0.0
SLV,-2 to -1,6,453,0,32,0,485,0.934020618556701,0.06597938144329897,0.0,0.0
SLV,-2 to -1,7,448,0,37,0,485,0.9237113402061856,0.07628865979381444,0.0,0.0
SLV,-2 to -1,8,426,0,59,0,485,0.8783505154639175,0.12164948453608247,0.0,0.0
SLV,-2 to -1,9,401,1,83,0,485,0.8268041237113402,0.1711340206185567,0.0,0.002061855670103093
SLV,-2 to -1,10,378,3,104,0,485,0.7793814432989691,0.21443298969072164,0.0,0.006185567010309278
SLV,-2 to -1,11,361,2,122,0,485,0.7443298969072165,0.2515463917525773,0.0,0.004123711340206186
SLV,-2 to -1,12,338,2,145,0,485,0.6969072164948453,0.29896907216494845,0.0,0.004123711340206186
SLV,-2 to -1,13,316,3,166,0,485,0.6515463917525773,0.3422680412371134,0.0,0.006185567010309278
SLV,-2 to -1,14,272,3,210,0,485,0.5608247422680412,0.4329896907216495,0.0,0.006185567010309278
SLV,-2 to -1,15,225,3,257,0,485,0.4639175257731959,0.5298969072164949,0.0,0.006185567010309278
SLV,-2 to -1,16,189,4,289,0,482,0.3921161825726141,0.5995850622406639,0.0,0.008298755186721992
SLV,-2 to -1,17,149,3,307,0,459,0.32461873638344224,0.6688453159041394,0.0,0.006535947712418301
SLV,-2 to -1,18,106,2,200,0,308,0.34415584415584416,0.6493506493506493,0.0,0.006493506493506494
SLV,-2 to -1,19,72,1,96,0,169,0.4260355029585799,0.5680473372781065,0.0,0.005917159763313609
SLV,-2 to -1,20,62,0,107,0,169,0.3668639053254438,0.6331360946745562,0.0,0.0
SLV,-2 to -1,21,47,0,108,0,155,0.3032258064516129,0.6967741935483871,0.0,0.0
SLV,-2 to -1,22,39,1,81,0,121,0.32231404958677684,0.6694214876033058,0.0,0.008264462809917356
SLV,-2 to -1,23,14,0,44,0,58,0.2413793103448276,0.7586206896551724,0.0,0.0
SLV,-1 to 0,0,738,0,0,0,738,1.0,0.0,0.0,0.0
SLV,-1 to 0,1,737,1,0,0,738,0.9986449864498645,0.0,0.0,0.0013550135501355014
SLV,-1 to 0,2,737,1,0,0,738,0.9986449864498645,0.0,0.0,0.0013550135501355014
SLV,-1 to 0,3,738,0,0,0,738,1.0,0.0,0.0,0.0
SLV,-1 to 0,4,738,0,0,0,738,1.0,0.0,0.0,0.0
SLV,-1 to 0,5,737,0,1,0,738,0.9986449864498645,0.0013550135501355014,0.0,0.0
SLV,-1 to 0,6,735,1,2,0,738,0.9959349593495935,0.0027100271002710027,0.0,0.0013550135501355014
SLV,-1 to 0,7,733,0,5,0,738,0.9932249322493225,0.006775067750677507,0.0,0.0
SLV,-1 to 0,8,732,0,6,0,738,0.991869918699187,0.008130081300813009,0.0,0.0
SLV,-1 to 0,9,730,0,8,0,738,0.989159891598916,0.01084010840108401,0.0,0.0
SLV,-1 to 0,10,726,0,12,0,738,0.983739837398374,0.016260162601626018,0.0,0.0
SLV,-1 to 0,11,717,0,21,0,738,0.9715447154471545,0.028455284552845527,0.0,0.0
SLV,-1 to 0,12,707,0,31,0,738,0.9579945799457995,0.04200542005420054,0.0,0.0
SLV,-1 to 0,13,696,1,41,0,738,0.943089430894309,0.05555555555555555,0.0,0.0013550135501355014
SLV,-1 to 0,14,663,3,72,0,738,0.8983739837398373,0.0975609756097561,0.0,0.0040650406504065045
SLV,-1 to 0,15,640,1,97,0,738,0.8672086720867209,0.13143631436314362,0.0,0.0013550135501355014
SLV,-1 to 0,16,603,2,128,0,733,0.8226466575716235,0.17462482946793997,0.0,0.002728512960436562
SLV,-1 to 0,17,522,3,174,0,699,0.7467811158798283,0.24892703862660945,0.0,0.004291845493562232
SLV,-1 to 0,18,343,1,129,0,473,0.7251585623678647,0.2727272727272727,0.0,0.0021141649048625794
SLV,-1 to 0,19,197,2,62,0,261,0.7547892720306514,0.23754789272030652,0.0,0.007662835249042145
SLV,-1 to 0,20,174,1,86,0,261,0.6666666666666666,0.32950191570881227,0.0,0.0038314176245210726
SLV,-1 to 0,21,155,2,87,0,244,0.6352459016393442,0.35655737704918034,0.0,0.00819672131147541
SLV,-1 to 0,22,117,0,67,0,184,0.6358695652173914,0.3641304347826087,0.0,0.0
SLV,-1 to 0,23,54,0,35,0,89,0.6067415730337079,0.39325842696629215,0.0,0.0
SLV,0 to 1,0,588,0,0,0,588,1.0,0.0,0.0,0.0
SLV,0 to 1,1,587,1,0,0,588,0.9982993197278912,0.0,0.0,0.0017006802721088435
SLV,0 to 1,2,588,0,0,0,588,1.0,0.0,0.0,0.0
SLV,0 to 1,3,588,0,0,0,588,1.0,0.0,0.0,0.0
SLV,0 to 1,4,588,0,0,0,588,1.0,0.0,0.0,0.0
SLV,0 to 1,5,588,0,0,0,588,1.0,0.0,0.0,0.0
SLV,0 to 1,6,586,0,2,0,588,0.9965986394557823,0.003401360544217687,0.0,0.0
SLV,0 to 1,7,585,0,3,0,588,0.9948979591836735,0.00510204081632653,0.0,0.0
SLV,0 to 1,8,586,0,2,0,588,0.9965986394557823,0.003401360544217687,0.0,0.0
SLV,0 to 1,9,582,0,6,0,588,0.9897959183673469,0.01020408163265306,0.0,0.0
SLV,0 to 1,10,575,1,12,0,588,0.9778911564625851,0.02040816326530612,0.0,0.0017006802721088435
SLV,0 to 1,11,574,0,14,0,588,0.9761904761904762,0.023809523809523808,0.0,0.0
SLV,0 to 1,12,565,1,22,0,588,0.9608843537414966,0.03741496598639456,0.0,0.0017006802721088435
SLV,0 to 1,13,552,1,35,0,588,0.9387755102040817,0.05952380952380952,0.0,0.0017006802721088435
SLV,0 to 1,14,528,2,58,0,588,0.8979591836734694,0.09863945578231292,0.0,0.003401360544217687
SLV,0 to 1,15,504,1,83,0,588,0.8571428571428571,0.141156462585034,0.0,0.0017006802721088435
SLV,0 to 1,16,457,1,127,0,585,0.7811965811965812,0.2170940170940171,0.0,0.0017094017094017094
SLV,0 to 1,17,386,0,168,0,554,0.6967509025270758,0.30324909747292417,0.0,0.0
SLV,0 to 1,18,264,1,120,0,385,0.6857142857142857,0.3116883116883117,0.0,0.0025974025974025974
SLV,0 to 1,19,156,0,58,0,214,0.7289719626168224,0.27102803738317754,0.0,0.0
SLV,0 to 1,20,143,1,70,0,214,0.6682242990654206,0.32710280373831774,0.0,0.004672897196261682
SLV,0 to 1,21,116,2,81,0,199,0.5829145728643216,0.40703517587939697,0.0,0.010050251256281407
SLV,0 to 1,22,72,0,85,0,157,0.4585987261146497,0.5414012738853503,0.0,0.0
SLV,0 to 1,23,36,0,37,0,73,0.4931506849315068,0.5068493150684932,0.0,0.0
SLV,1 to 2,0,635,0,0,0,635,1.0,0.0,0.0,0.0
SLV,1 to 2,1,630,0,5,0,635,0.9921259842519685,0.007874015748031496,0.0,0.0
SLV,1 to 2,2,630,1,4,0,635,0.9921259842519685,0.006299212598425197,0.0,0.0015748031496062992
SLV,1 to 2,3,626,1,8,0,635,0.9858267716535433,0.012598425196850394,0.0,0.0015748031496062992
SLV,1 to 2,4,622,0,13,0,635,0.9795275590551181,0.02047244094488189,0.0,0.0
SLV,1 to 2,5,614,0,21,0,635,0.9669291338582677,0.03307086614173228,0.0,0.0
SLV,1 to 2,6,608,1,26,0,635,0.9574803149606299,0.04094488188976378,0.0,0.0015748031496062992
SLV,1 to 2,7,598,1,36,0,635,0.9417322834645669,0.05669291338582677,0.0,0.0015748031496062992
SLV,1 to 2,8,588,1,46,0,635,0.925984251968504,0.07244094488188976,0.0,0.0015748031496062992
SLV,1 to 2,9,571,2,62,0,635,0.8992125984251969,0.09763779527559055,0.0,0.0031496062992125984
SLV,1 to 2,10,539,0,96,0,635,0.8488188976377953,0.15118110236220472,0.0,0.0
SLV,1 to 2,11,520,2,113,0,635,0.8188976377952756,0.17795275590551182,0.0,0.0031496062992125984
SLV,1 to 2,12,491,1,143,0,635,0.7732283464566929,0.2251968503937008,0.0,0.0015748031496062992
SLV,1 to 2,13,449,1,185,0,635,0.7070866141732284,0.29133858267716534,0.0,0.0015748031496062992
SLV,1 to 2,14,376,1,258,0,635,0.5921259842519685,0.4062992125984252,0.0,0.0015748031496062992
SLV,1 to 2,15,298,4,333,0,635,0.4692913385826772,0.5244094488188976,0.0,0.006299212598425197
SLV,1 to 2,16,240,5,386,0,631,0.3803486529318542,0.6117274167987322,0.0,0.00792393026941363
SLV,1 to 2,17,203,4,393,0,600,0.3383333333333333,0.655,0.0,0.006666666666666667
SLV,1 to 2,18,141,2,258,0,401,0.3516209476309227,0.6433915211970075,0.0,0.004987531172069825
SLV,1 to 2,19,96,0,125,0,221,0.4343891402714932,0.5656108597285068,0.0,0.0
SLV,1 to 2,20,80,1,140,0,221,0.36199095022624433,0.6334841628959276,0.0,0.004524886877828055
SLV,1 to 2,21,59,3,144,0,206,0.28640776699029125,0.6990291262135923,0.0,0.014563106796116505
SLV,1 to 2,22,34,0,127,0,161,0.2111801242236025,0.7888198757763976,0.0,0.0
SLV,1 to 2,23,9,0,66,0,75,0.12,0.88,0.0,0.0
SLV,2 to 3,0,599,0,0,0,599,1.0,0.0,0.0,0.0
SLV,2 to 3,1,581,0,18,0,599,0.9699499165275459,0.03005008347245409,0.0,0.0
SLV,2 to 3,2,562,0,37,0,599,0.9382303839732888,0.06176961602671119,0.0,0.0
SLV,2 to 3,3,548,1,50,0,599,0.9148580968280468,0.08347245409015025,0.0,0.001669449081803005
SLV,2 to 3,4,531,1,67,0,599,0.8864774624373957,0.11185308848080133,0.0,0.001669449081803005
SLV,2 to 3,5,500,2,97,0,599,0.8347245409015025,0.16193656093489148,0.0,0.00333889816360601
SLV,2 to 3,6,464,0,135,0,599,0.7746243739565943,0.22537562604340566,0.0,0.0
SLV,2 to 3,7,446,2,151,0,599,0.7445742904841403,0.25208681135225375,0.0,0.00333889816360601
SLV,2 to 3,8,414,1,184,0,599,0.6911519198664441,0.3071786310517529,0.0,0.001669449081803005
SLV,2 to 3,9,378,7,214,0,599,0.6310517529215359,0.3572621035058431,0.0,0.011686143572621035
SLV,2 to 3,10,306,7,286,0,599,0.5108514190317195,0.4774624373956594,0.0,0.011686143572621035
SLV,2 to 3,11,284,2,313,0,599,0.4741235392320534,0.5225375626043406,0.0,0.00333889816360601
SLV,2 to 3,12,228,2,369,0,599,0.3806343906510851,0.6160267111853088,0.0,0.00333889816360601
SLV,2 to 3,13,178,3,418,0,599,0.29716193656093487,0.6978297161936561,0.0,0.005008347245409015
SLV,2 to 3,14,131,5,463,0,599,0.21869782971619364,0.7729549248747913,0.0,0.008347245409015025
SLV,2 to 3,15,110,2,487,0,599,0.18363939899833054,0.8130217028380634,0.0,0.00333889816360601
SLV,2 to 3,16,95,4,496,0,595,0.15966386554621848,0.8336134453781513,0.0,0.0067226890756302525
SLV,2 to 3,17,76,0,488,0,564,0.1347517730496454,0.8652482269503546,0.0,0.0
SLV,2 to 3,18,55,3,336,0,394,0.13959390862944163,0.8527918781725888,0.0,0.007614213197969543
SLV,2 to 3,19,42,0,175,0,217,0.1935483870967742,0.8064516129032258,0.0,0.0
SLV,2 to 3,20,34,0,183,0,217,0.15668202764976957,0.8433179723502304,0.0,0.0
SLV,2 to 3,21,22,3,176,0,201,0.10945273631840796,0.8756218905472637,0.0,0.014925373134328358
SLV,2 to 3,22,14,0,140,0,154,0.09090909090909091,0.9090909090909091,0.0,0.0
SLV,2 to 3,23,4,0,73,0,77,0.05194805194805195,0.948051948051948,0.0,0.0
SLV,3 up,0,803,0,0,0,803,1.0,0.0,0.0,0.0
SLV,3 up,1,656,5,142,0,803,0.8169364881693649,0.17683686176836863,0.0,0.0062266500622665
SLV,3 up,2,595,7,201,0,803,0.7409713574097135,0.2503113325031133,0.0,0.008717310087173101
SLV,3 up,3,536,3,264,0,803,0.6674968866749689,0.3287671232876712,0.0,0.0037359900373599006
SLV,3 up,4,470,6,327,0,803,0.5853051058530511,0.40722291407222916,0.0,0.007471980074719801
SLV,3 up,5,378,4,421,0,803,0.47073474470734744,0.5242839352428393,0.0,0.0049813200498132005
SLV,3 up,6,340,10,453,0,803,0.42341220423412207,0.564134495641345,0.0,0.012453300124533
SLV,3 up,7,303,3,497,0,803,0.37733499377334995,0.6189290161892902,0.0,0.0037359900373599006
SLV,3 up,8,270,4,529,0,803,0.33623910336239105,0.6587795765877957,0.0,0.0049813200498132005
SLV,3 up,9,213,8,582,0,803,0.26525529265255293,0.7247820672478207,0.0,0.009962640099626401
SLV,3 up,10,163,3,637,0,803,0.20298879202988793,0.7932752179327521,0.0,0.0037359900373599006
SLV,3 up,11,137,0,666,0,803,0.1706102117061021,0.8293897882938979,0.0,0.0
SLV,3 up,12,100,2,701,0,803,0.12453300124533001,0.8729763387297634,0.0,0.0024906600249066002
SLV,3 up,13,98,6,699,0,803,0.12204234122042341,0.8704856787048568,0.0,0.007471980074719801
SLV,3 up,14,78,4,721,0,803,0.09713574097135741,0.8978829389788294,0.0,0.0049813200498132005
SLV,3 up,15,50,0,753,0,803,0.062266500622665005,0.937733499377335,0.0,0.0
SLV,3 up,16,46,1,753,0,800,0.0575,0.94125,0.0,0.00125
SLV,3 up,17,38,0,717,0,755,0.05033112582781457,0.9496688741721855,0.0,0.0
SLV,3 up,18,39,2,473,0,514,0.07587548638132295,0.9202334630350194,0.0,0.0038910505836575876
SLV,3 up,19,23,2,268,0,293,0.07849829351535836,0.9146757679180887,0.0,0.006825938566552901
SLV,3 up,20,16,0,277,0,293,0.05460750853242321,0.9453924914675768,0.0,0.0
SLV,3 up,21,9,0,272,0,281,0.03202846975088968,0.9679715302491103,0.0,0.0
SLV,3 up,22,6,0,214,0,220,0.02727272727272727,0.9727272727272728,0.0,0.0
SLV,3 up,23,5,0,109,0,114,0.043859649122807015,0.956140350877193,0.0,0.0
UNG,below -3,0,18,0,0,0,18,1.0,0.0,0.0,0.0
UNG,below -3,1,15,0,3,0,18,0.8333333333333334,0.16666666666666666,0.0,0.0
UNG,below -3,2,9,0,9,0,18,0.5,0.5,0.0,0.0
UNG,below -3,3,9,0,9,0,18,0.5,0.5,0.0,0.0
UNG,below -3,4,8,0,10,0,18,0.4444444444444444,0.5555555555555556,0.0,0.0
UNG,below -3,5,5,0,13,0,18,0.2777777777777778,0.7222222222222222,0.0,0.0
UNG,below -3,6,9,0,9,0,18,0.5,0.5,0.0,0.0
UNG,below -3,7,4,0,14,0,18,0.2222222222222222,0.7777777777777778,0.0,0.0
UNG,below -3,8,5,0,13,0,18,0.2777777777777778,0.7222222222222222,0.0,0.0
UNG,below -3,9,5,0,13,0,18,0.2777777777777778,0.7222222222222222,0.0,0.0
UNG,below -3,10,3,0,15,0,18,0.16666666666666666,0.8333333333333334,0.0,0.0
UNG,below -3,11,4,0,14,0,18,0.2222222222222222,0.7777777777777778,0.0,0.0
UNG,below -3,12,2,0,16,0,18,0.1111111111111111,0.8888888888888888,0.0,0.0
UNG,below -3,13,2,0,16,0,18,0.1111111111111111,0.8888888888888888,0.0,0.0
UNG,below -3,14,3,0,15,0,18,0.16666666666666666,0.8333333333333334,0.0,0.0
UNG,below -3,15,2,0,16,0,18,0.1111111111111111,0.8888888888888888,0.0,0.0
UNG,below -3,16,1,0,17,0,18,0.05555555555555555,0.9444444444444444,0.0,0.0
UNG,below -3,17,0,0,17,0,17,0.0,1.0,0.0,0.0
UNG,below -3,18,0,0,9,0,9,0.0,1.0,0.0,0.0
UNG,below -3,19,1,0,5,0,6,0.16666666666666666,0.8333333333333334,0.0,0.0
UNG,below -3,20,0,0,6,0,6,0.0,1.0,0.0,0.0
UNG,below -3,21,0,0,5,0,5,0.0,1.0,0.0,0.0
UNG,below -3,22,0,0,4,0,4,0.0,1.0,0.0,0.0
UNG,below -3,23,0,0,1,0,1,0.0,1.0,0.0,0.0
UNG,-3 to -2,0,140,0,0,0,140,1.0,0.0,0.0,0.0
UNG,-3 to -2,1,102,0,38,0,140,0.7285714285714285,0.2714285714285714,0.0,0.0
UNG,-3 to -2,2,95,0,45,0,140,0.6785714285714286,0.32142857142857145,0.0,0.0
UNG,-3 to -2,3,98,0,42,0,140,0.7,0.3,0.0,0.0
UNG,-3 to -2,4,92,0,48,0,140,0.6571428571428571,0.34285714285714286,0.0,0.0
UNG,-3 to -2,5,80,0,60,0,140,0.5714285714285714,0.42857142857142855,0.0,0.0
UNG,-3 to -2,6,71,1,68,0,140,0.5071428571428571,0.4857142857142857,0.0,0.007142857142857143
UNG,-3 to -2,7,68,0,72,0,140,0.4857142857142857,0.5142857142857142,0.0,0.0
UNG,-3 to -2,8,64,0,76,0,140,0.45714285714285713,0.5428571428571428,0.0,0.0
UNG,-3 to -2,9,56,0,84,0,140,0.4,0.6,0.0,0.0
UNG,-3 to -2,10,60,0,80,0,140,0.42857142857142855,0.5714285714285714,0.0,0.0
UNG,-3 to -2,11,51,0,89,0,140,0.36428571428571427,0.6357142857142857,0.0,0.0
UNG,-3 to -2,12,45,1,94,0,140,0.32142857142857145,0.6714285714285714,0.0,0.007142857142857143
UNG,-3 to -2,13,25,0,115,0,140,0.17857142857142858,0.8214285714285714,0.0,0.0
UNG,-3 to -2,14,26,1,113,0,140,0.18571428571428572,0.8071428571428572,0.0,0.007142857142857143
UNG,-3 to -2,15,16,0,124,0,140,0.11428571428571428,0.8857142857142857,0.0,0.0
UNG,-3 to -2,16,11,0,128,0,139,0.07913669064748201,0.920863309352518,0.0,0.0
UNG,-3 to -2,17,8,0,122,0,130,0.06153846153846154,0.9384615384615385,0.0,0.0
UNG,-3 to -2,18,2,0,79,0,81,0.024691358024691357,0.9753086419753086,0.0,0.0
UNG,-3 to -2,19,4,0,35,0,39,0.10256410256410256,0.8974358974358975,0.0,0.0
UNG,-3 to -2,20,1,0,38,0,39,0.02564102564102564,0.9743589743589743,0.0,0.0
UNG,-3 to -2,21,0,0,37,0,37,0.0,1.0,0.0,0.0
UNG,-3 to -2,22,1,0,30,0,31,0.03225806451612903,0.967741935483871,0.0,0.0
UNG,-3 to -2,23,0,0,10,0,10,0.0,1.0,0.0,0.0
UNG,-2 to -1,0,494,0,0,0,494,1.0,0.0,0.0,0.0
UNG,-2 to -1,1,464,0,30,0,494,0.9392712550607287,0.06072874493927125,0.0,0.0
UNG,-2 to -1,2,452,0,42,0,494,0.9149797570850202,0.08502024291497975,0.0,0.0
UNG,-2 to -1,3,434,0,60,0,494,0.8785425101214575,0.1214574898785425,0.0,0.0
UNG,-2 to -1,4,421,0,73,0,494,0.8522267206477733,0.14777327935222673,0.0,0.0
UNG,-2 to -1,5,391,0,103,0,494,0.791497975708502,0.20850202429149797,0.0,0.0
UNG,-2 to -1,6,383,0,111,0,494,0.7753036437246964,0.22469635627530365,0.0,0.0
UNG,-2 to -1,7,356,0,138,0,494,0.7206477732793523,0.2793522267206478,0.0,0.0
UNG,-2 to -1,8,343,0,151,0,494,0.694331983805668,0.305668016194332,0.0,0.0
UNG,-2 to -1,9,329,0,165,0,494,0.6659919028340081,0.3340080971659919,0.0,0.0
UNG,-2 to -1,10,314,0,180,0,494,0.6356275303643725,0.3643724696356275,0.0,0.0
UNG,-2 to -1,11,295,0,199,0,494,0.597165991902834,0.402834008097166,0.0,0.0
UNG,-2 to -1,12,289,0,205,0,494,0.5850202429149798,0.4149797570850202,0.0,0.0
UNG,-2 to -1,13,258,0,236,0,494,0.5222672064777328,0.4777327935222672,0.0,0.0
UNG,-2 to -1,14,243,0,251,0,494,0.49190283400809715,0.5080971659919028,0.0,0.0
UNG,-2 to -1,15,203,2,289,0,494,0.4109311740890688,0.5850202429149798,0.0,0.004048582995951417
UNG,-2 to -1,16,171,0,319,0,490,0.3489795918367347,0.6510204081632653,0.0,0.0
UNG,-2 to -1,17,151,1,310,0,462,0.3268398268398268,0.670995670995671,0.0,0.0021645021645021645
UNG,-2 to -1,18,92,0,225,0,317,0.2902208201892745,0.7097791798107256,0.0,0.0
UNG,-2 to -1,19,51,2,132,0,185,0.2756756756756757,0.7135135135135136,0.0,0.010810810810810811
UNG,-2 to -1,20,43,1,141,0,185,0.23243243243243245,0.7621621621621621,0.0,0.005405405405405406
UNG,-2 to -1,21,31,0,149,0,180,0.17222222222222222,0.8277777777777777,0.0,0.0
UNG,-2 to -1,22,27,0,111,0,138,0.1956521739130435,0.8043478260869565,0.0,0.0
UNG,-2 to -1,23,8,0,46,0,54,0.14814814814814814,0.8518518518518519,0.0,0.0
UNG,-1 to 0,0,900,0,0,0,900,1.0,0.0,0.0,0.0
UNG,-1 to 0,1,899,1,0,0,900,0.9988888888888889,0.0,0.0,0.0011111111111111111
UNG,-1 to 0,2,899,1,0,0,900,0.9988888888888889,0.0,0.0,0.0011111111111111111
UNG,-1 to 0,3,896,1,3,0,900,0.9955555555555555,0.0033333333333333335,0.0,0.0011111111111111111
UNG,-1 to 0,4,895,0,5,0,900,0.9944444444444445,0.005555555555555556,0.0,0.0
UNG,-1 to 0,5,895,0,5,0,900,0.9944444444444445,0.005555555555555556,0.0,0.0
UNG,-1 to 0,6,888,0,12,0,900,0.9866666666666667,0.013333333333333334,0.0,0.0
UNG,-1 to 0,7,890,0,10,0,900,0.9888888888888889,0.011111111111111112,0.0,0.0
UNG,-1 to 0,8,881,0,19,0,900,0.9788888888888889,0.021111111111111112,0.0,0.0
UNG,-1 to 0,9,876,0,24,0,900,0.9733333333333334,0.02666666666666667,0.0,0.0
UNG,-1 to 0,10,864,0,36,0,900,0.96,0.04,0.0,0.0
UNG,-1 to 0,11,848,0,52,0,900,0.9422222222222222,0.057777777777777775,0.0,0.0
UNG,-1 to 0,12,830,0,70,0,900,0.9222222222222223,0.07777777777777778,0.0,0.0
UNG,-1 to 0,13,809,2,89,0,900,0.8988888888888888,0.09888888888888889,0.0,0.0022222222222222222
UNG,-1 to 0,14,787,1,112,0,900,0.8744444444444445,0.12444444444444444,0.0,0.0011111111111111111
UNG,-1 to 0,15,742,1,157,0,900,0.8244444444444444,0.17444444444444446,0.0,0.0011111111111111111
UNG,-1 to 0,16,701,1,191,0,893,0.7849944008958567,0.21388577827547592,0.0,0.0011198208286674132
UNG,-1 to 0,17,628,3,209,0,840,0.7476190476190476,0.2488095238095238,0.0,0.0035714285714285713
UNG,-1 to 0,18,420,0,162,0,582,0.7216494845360825,0.27835051546391754,0.0,0.0
UNG,-1 to 0,19,282,1,63,0,346,0.815028901734104,0.18208092485549132,0.0,0.002890173410404624
UNG,-1 to 0,20,244,3,99,0,346,0.7052023121387283,0.2861271676300578,0.0,0.008670520231213872
UNG,-1 to 0,21,214,0,116,0,330,0.6484848484848484,0.3515151515151515,0.0,0.0
UNG,-1 to 0,22,145,2,102,0,249,0.5823293172690763,0.40963855421686746,0.0,0.008032128514056224
UNG,-1 to 0,23,61,0,51,0,112,0.5446428571428571,0.45535714285714285,0.0,0.0
UNG,0 to 1,0,788,0,0,0,788,1.0,0.0,0.0,0.0
UNG,0 to 1,1,788,0,0,0,788,1.0,0.0,0.0,0.0
UNG,0 to 1,2,787,1,0,0,788,0.998730964467005,0.0,0.0,0.0012690355329949238
UNG,0 to 1,3,788,0,0,0,788,1.0,0.0,0.0,0.0
UNG,0 to 1,4,786,0,2,0,788,0.9974619289340102,0.0025380710659898475,0.0,0.0
UNG,0 to 1,5,781,0,7,0,788,0.9911167512690355,0.008883248730964468,0.0,0.0
UNG,0 to 1,6,778,0,10,0,788,0.9873096446700508,0.012690355329949238,0.0,0.0
UNG,0 to 1,7,762,0,26,0,788,0.9670050761421319,0.03299492385786802,0.0,0.0
UNG,0 to 1,8,753,0,35,0,788,0.9555837563451777,0.044416243654822336,0.0,0.0
UNG,0 to 1,9,740,0,48,0,788,0.9390862944162437,0.06091370558375635,0.0,0.0
UNG,0 to 1,10,715,1,72,0,788,0.9073604060913706,0.09137055837563451,0.0,0.0012690355329949238
UNG,0 to 1,11,709,0,79,0,788,0.899746192893401,0.10025380710659898,0.0,0.0
UNG,0 to 1,12,695,1,92,0,788,0.881979695431472,0.116751269035533,0.0,0.0012690355329949238
UNG,0 to 1,13,657,0,131,0,788,0.833756345177665,0.16624365482233502,0.0,0.0
UNG,0 to 1,14,589,2,197,0,788,0.7474619289340102,0.25,0.0,0.0025380710659898475
UNG,0 to 1,15,556,4,228,0,788,0.7055837563451777,0.2893401015228426,0.0,0.005076142131979695
UNG,0 to 1,16,509,1,271,0,781,0.6517285531370038,0.34699103713188223,0.0,0.0012804097311139564
UNG,0 to 1,17,424,2,303,0,729,0.5816186556927297,0.4156378600823045,0.0,0.0027434842249657062
UNG,0 to 1,18,322,2,197,0,521,0.6180422264875239,0.3781190019193858,0.0,0.003838771593090211
UNG,0 to 1,19,202,0,105,0,307,0.6579804560260586,0.34201954397394135,0.0,0.0
UNG,0 to 1,20,176,0,131,0,307,0.5732899022801303,0.42671009771986973,0.0,0.0
UNG,0 to 1,21,146,0,145,0,291,0.5017182130584192,0.49828178694158076,0.0,0.0
UNG,0 to 1,22,93,0,126,0,219,0.4246575342465753,0.5753424657534246,0.0,0.0
UNG,0 to 1,23,40,0,55,0,95,0.42105263157894735,0.5789473684210527,0.0,0.0
UNG,1 to 2,0,772,0,0,0,772,1.0,0.0,0.0,0.0
UNG,1 to 2,1,741,0,31,0,772,0.9598445595854922,0.04015544041450777,0.0,0.0
UNG,1 to 2,2,729,0,43,0,772,0.944300518134715,0.05569948186528497,0.0,0.0
UNG,1 to 2,3,699,0,73,0,772,0.905440414507772,0.09455958549222798,0.0,0.0
UNG,1 to 2,4,671,0,101,0,772,0.8691709844559585,0.13082901554404144,0.0,0.0
UNG,1 to 2,5,644,0,128,0,772,0.8341968911917098,0.16580310880829016,0.0,0.0
UNG,1 to 2,6,596,0,176,0,772,0.772020725388601,0.22797927461139897,0.0,0.0
UNG,1 to 2,7,575,0,197,0,772,0.7448186528497409,0.2551813471502591,0.0,0.0
UNG,1 to 2,8,528,0,244,0,772,0.6839378238341969,0.3160621761658031,0.0,0.0
UNG,1 to 2,9,510,0,262,0,772,0.6606217616580311,0.3393782383419689,0.0,0.0
UNG,1 to 2,10,455,0,317,0,772,0.5893782383419689,0.4106217616580311,0.0,0.0
UNG,1 to 2,11,423,1,348,0,772,0.5479274611398963,0.45077720207253885,0.0,0.0012953367875647669
UNG,1 to 2,12,394,0,378,0,772,0.5103626943005182,0.4896373056994819,0.0,0.0
UNG,1 to 2,13,352,3,417,0,772,0.45595854922279794,0.5401554404145078,0.0,0.0038860103626943004
UNG,1 to 2,14,314,3,455,0,772,0.4067357512953368,0.5893782383419689,0.0,0.0038860103626943004
UNG,1 to 2,15,252,2,518,0,772,0.32642487046632124,0.6709844559585493,0.0,0.0025906735751295338
UNG,1 to 2,16,215,2,549,0,766,0.28067885117493474,0.716710182767624,0.0,0.0026109660574412533
UNG,1 to 2,17,181,1,533,0,715,0.25314685314685315,0.7454545454545455,0.0,0.0013986013986013986
UNG,1 to 2,18,127,3,374,0,504,0.251984126984127,0.7420634920634921,0.0,0.005952380952380952
UNG,1 to 2,19,79,0,210,0,289,0.27335640138408307,0.726643598615917,0.0,0.0
UNG,1 to 2,20,66,1,222,0,289,0.22837370242214533,0.7681660899653979,0.0,0.0034602076124567475
UNG,1 to 2,21,52,3,219,0,274,0.1897810218978102,0.7992700729927007,0.0,0.010948905109489052
UNG,1 to 2,22,28,1,179,0,208,0.1346153846153846,0.8605769230769231,0.0,0.004807692307692308
UNG,1 to 2,23,13,0,63,0,76,0.17105263157894737,0.8289473684210527,0.0,0.0
UNG,2 to 3,0,391,0,0,0,391,1.0,0.0,0.0,0.0
UNG,2 to 3,1,338,0,53,0,391,0.8644501278772379,0.13554987212276215,0.0,0.0
UNG,2 to 3,2,313,0,78,0,391,0.8005115089514067,0.19948849104859334,0.0,0.0
UNG,2 to 3,3,287,0,104,0,391,0.7340153452685422,0.2659846547314578,0.0,0.0
UNG,2 to 3,4,268,0,123,0,391,0.6854219948849105,0.3145780051150895,0.0,0.0
UNG,2 to 3,5,240,0,151,0,391,0.6138107416879796,0.38618925831202044,0.0,0.0
UNG,2 to 3,6,206,0,185,0,391,0.5268542199488491,0.4731457800511509,0.0,0.0
UNG,2 to 3,7,183,0,208,0,391,0.4680306905370844,0.5319693094629157,0.0,0.0
UNG,2 to 3,8,166,0,225,0,391,0.42455242966751916,0.5754475703324808,0.0,0.0
UNG,2 to 3,9,148,0,243,0,391,0.37851662404092073,0.6214833759590793,0.0,0.0
UNG,2 to 3,10,130,1,260,0,391,0.33248081841432225,0.6649616368286445,0.0,0.0025575447570332483
UNG,2 to 3,11,118,1,272,0,391,0.30179028132992325,0.6956521739130435,0.0,0.0025575447570332483
UNG,2 to 3,12,108,3,280,0,391,0.27621483375959077,0.7161125319693095,0.0,0.0076726342710997444
UNG,2 to 3,13,97,1,293,0,391,0.24808184143222506,0.7493606138107417,0.0,0.0025575447570332483
UNG,2 to 3,14,80,0,311,0,391,0.20460358056265984,0.7953964194373402,0.0,0.0
UNG,2 to 3,15,49,2,340,0,391,0.12531969309462915,0.8695652173913043,0.0,0.005115089514066497
UNG,2 to 3,16,46,1,339,0,386,0.11917098445595854,0.8782383419689119,0.0,0.0025906735751295338
UNG,2 to 3,17,43,2,302,0,347,0.1239193083573487,0.8703170028818443,0.0,0.005763688760806916
UNG,2 to 3,18,21,0,224,0,245,0.08571428571428572,0.9142857142857143,0.0,0.0
UNG,2 to 3,19,19,1,120,0,140,0.1357142857142857,0.8571428571428571,0.0,0.007142857142857143
UNG,2 to 3,20,14,1,125,0,140,0.1,0.8928571428571429,0.0,0.007142857142857143
UNG,2 to 3,21,8,2,117,0,127,0.06299212598425197,0.9212598425196851,0.0,0.015748031496062992
UNG,2 to 3,22,4,0,84,0,88,0.045454545454545456,0.9545454545454546,0.0,0.0
UNG,2 to 3,23,2,0,36,0,38,0.05263157894736842,0.9473684210526315,0.0,0.0
UNG,3 up,0,173,0,0,0,173,1.0,0.0,0.0,0.0
UNG,3 up,1,131,0,42,0,173,0.7572254335260116,0.24277456647398843,0.0,0.0
UNG,3 up,2,110,0,63,0,173,0.6358381502890174,0.36416184971098264,0.0,0.0
UNG,3 up,3,93,0,80,0,173,0.5375722543352601,0.4624277456647399,0.0,0.0
UNG,3 up,4,84,0,89,0,173,0.48554913294797686,0.5144508670520231,0.0,0.0
UNG,3 up,5,87,0,86,0,173,0.5028901734104047,0.49710982658959535,0.0,0.0
UNG,3 up,6,71,0,102,0,173,0.41040462427745666,0.5895953757225434,0.0,0.0
UNG,3 up,7,58,0,115,0,173,0.3352601156069364,0.6647398843930635,0.0,0.0
UNG,3 up,8,53,0,120,0,173,0.3063583815028902,0.6936416184971098,0.0,0.0
UNG,3 up,9,44,0,129,0,173,0.2543352601156069,0.7456647398843931,0.0,0.0
UNG,3 up,10,28,0,145,0,173,0.16184971098265896,0.838150289017341,0.0,0.0
UNG,3 up,11,28,1,144,0,173,0.16184971098265896,0.8323699421965318,0.0,0.005780346820809248
UNG,3 up,12,21,0,152,0,173,0.12138728323699421,0.8786127167630058,0.0,0.0
UNG,3 up,13,21,0,152,0,173,0.12138728323699421,0.8786127167630058,0.0,0.0
UNG,3 up,14,19,0,154,0,173,0.10982658959537572,0.8901734104046243,0.0,0.0
UNG,3 up,15,13,0,160,0,173,0.07514450867052024,0.9248554913294798,0.0,0.0
UNG,3 up,16,11,1,157,0,169,0.0650887573964497,0.9289940828402367,0.0,0.005917159763313609
UNG,3 up,17,5,0,141,0,146,0.03424657534246575,0.9657534246575342,0.0,0.0
UNG,3 up,18,2,0,87,0,89,0.02247191011235955,0.9775280898876404,0.0,0.0
UNG,3 up,19,0,0,42,0,42,0.0,1.0,0.0,0.0
UNG,3 up,20,3,0,39,0,42,0.07142857142857142,0.9285714285714286,0.0,0.0
UNG,3 up,21,0,0,38,0,38,0.0,1.0,0.0,0.0
UNG,3 up,22,0,0,17,0,17,0.0,1.0,0.0,0.0
UNG,3 up,23,0,0,10,0,10,0.0,1.0,0.0,0.0
USO,below -3,0,379,0,0,0,379,1.0,0.0,0.0,0.0
USO,below -3,1,313,1,65,0,379,0.8258575197889182,0.17150395778364116,0.0,0.002638522427440633
USO,below -3,2,282,0,97,0,379,0.7440633245382586,0.2559366754617414,0.0,0.0
USO,below -3,3,250,0,129,0,379,0.6596306068601583,0.3403693931398417,0.0,0.0
USO,below -3,4,208,2,169,0,379,0.5488126649076517,0.44591029023746703,0.0,0.005277044854881266
USO,below -3,5,175,1,203,0,379,0.46174142480211083,0.5356200527704486,0.0,0.002638522427440633
USO,below -3,6,157,0,222,0,379,0.41424802110817943,0.5857519788918206,0.0,0.0
USO,below -3,7,129,0,250,0,379,0.3403693931398417,0.6596306068601583,0.0,0.0
USO,below -3,8,110,0,269,0,379,0.29023746701846964,0.7097625329815304,0.0,0.0
USO,below -3,9,115,0,264,0,379,0.3034300791556728,0.6965699208443272,0.0,0.0
USO,below -3,10,91,0,288,0,379,0.24010554089709762,0.7598944591029023,0.0,0.0
USO,below -3,11,86,0,293,0,379,0.22691292875989447,0.7730870712401056,0.0,0.0
USO,below -3,12,61,0,318,0,379,0.16094986807387862,0.8390501319261213,0.0,0.0
USO,below -3,13,46,0,333,0,379,0.12137203166226913,0.8786279683377308,0.0,0.0
USO,below -3,14,41,0,338,0,379,0.10817941952506596,0.8918205804749341,0.0,0.0
USO,below -3,15,24,0,355,0,379,0.0633245382585752,0.9366754617414248,0.0,0.0
USO,below -3,16,23,0,349,0,372,0.06182795698924731,0.9381720430107527,0.0,0.0
USO,below -3,17,12,1,314,0,327,0.03669724770642202,0.9602446483180428,0.0,0.0030581039755351682
USO,below -3,18,8,0,204,0,212,0.03773584905660377,0.9622641509433962,0.0,0.0
USO,below -3,19,9,0,119,0,128,0.0703125,0.9296875,0.0,0.0
USO,below -3,20,3,0,125,0,128,0.0234375,0.9765625,0.0,0.0
USO,below -3,21,1,0,120,0,121,0.008264462809917356,0.9917355371900827,0.0,0.0
USO,below -3,22,1,0,92,0,93,0.010752688172043012,0.989247311827957,0.0,0.0
USO,below -3,23,1,0,46,0,47,0.02127659574468085,0.9787234042553191,0.0,0.0
USO,-3 to -2,0,567,0,0,0,567,1.0,0.0,0.0,0.0
USO,-3 to -2,1,527,0,40,0,567,0.9294532627865961,0.07054673721340388,0.0,0.0
USO,-3 to -2,2,504,0,63,0,567,0.8888888888888888,0.1111111111111111,0.0,0.0
USO,-3 to -2,3,490,0,77,0,567,0.8641975308641975,0.13580246913580246,0.0,0.0
USO,-3 to -2,4,483,0,84,0,567,0.8518518518518519,0.14814814814814814,0.0,0.0
USO,-3 to -2,5,467,2,98,0,567,0.8236331569664903,0.1728395061728395,0.0,0.003527336860670194
USO,-3 to -2,6,442,0,125,0,567,0.7795414462081128,0.2204585537918871,0.0,0.0
USO,-3 to -2,7,419,1,147,0,567,0.7389770723104057,0.25925925925925924,0.0,0.001763668430335097
USO,-3 to -2,8,371,1,195,0,567,0.654320987654321,0.3439153439153439,0.0,0.001763668430335097
USO,-3 to -2,9,346,0,221,0,567,0.6102292768959435,0.3897707231040564,0.0,0.0
USO,-3 to -2,10,324,1,242,0,567,0.5714285714285714,0.42680776014109345,0.0,0.001763668430335097
USO,-3 to -2,11,275,1,291,0,567,0.48500881834215165,0.5132275132275133,0.0,0.001763668430335097
USO,-3 to -2,12,256,1,310,0,567,0.4514991181657848,0.54673721340388,0.0,0.001763668430335097
USO,-3 to -2,13,221,0,346,0,567,0.3897707231040564,0.6102292768959435,0.0,0.0
USO,-3 to -2,14,196,2,369,0,567,0.345679012345679,0.6507936507936508,0.0,0.003527336860670194
USO,-3 to -2,15,153,1,413,0,567,0.2698412698412698,0.7283950617283951,0.0,0.001763668430335097
USO,-3 to -2,16,123,0,440,0,563,0.21847246891651864,0.7815275310834814,0.0,0.0
USO,-3 to -2,17,107,1,426,0,534,0.20037453183520598,0.797752808988764,0.0,0.0018726591760299626
USO,-3 to -2,18,82,1,275,0,358,0.22905027932960895,0.7681564245810056,0.0,0.002793296089385475
USO,-3 to -2,19,48,0,154,0,202,0.2376237623762376,0.7623762376237624,0.0,0.0
USO,-3 to -2,20,26,1,175,0,202,0.12871287128712872,0.8663366336633663,0.0,0.0049504950495049506
USO,-3 to -2,21,21,0,164,0,185,0.11351351351351352,0.8864864864864865,0.0,0.0
USO,-3 to -2,22,12,0,132,0,144,0.08333333333333333,0.9166666666666666,0.0,0.0
USO,-3 to -2,23,13,0,56,0,69,0.18840579710144928,0.8115942028985508,0.0,0.0
USO,-2 to -1,0,881,0,0,0,881,1.0,0.0,0.0,0.0
USO,-2 to -1,1,875,2,4,0,881,0.9931895573212258,0.004540295119182747,0.0,0.0022701475595913734
USO,-2 to -1,2,868,2,11,0,881,0.985244040862656,0.012485811577752554,0.0,0.0022701475595913734
USO,-2 to -1,3,861,0,20,0,881,0.9772985244040863,0.022701475595913734,0.0,0.0
USO,-2 to -1,4,856,0,25,0,881,0.9716231555051078,0.028376844494892167,0.0,0.0
USO,-2 to -1,5,844,0,37,0,881,0.9580022701475596,0.04199772985244041,0.0,0.0
USO,-2 to -1,6,835,0,46,0,881,0.9477866061293984,0.05221339387060159,0.0,0.0
USO,-2 to -1,7,806,2,73,0,881,0.9148694665153235,0.08286038592508513,0.0,0.0022701475595913734
USO,-2 to -1,8,789,1,91,0,881,0.8955732122587968,0.10329171396140749,0.0,0.0011350737797956867
USO,-2 to -1,9,744,0,137,0,881,0.8444948921679909,0.15550510783200908,0.0,0.0
USO,-2 to -1,10,727,0,154,0,881,0.8251986379114642,0.17480136208853575,0.0,0.0
USO,-2 to -1,11,682,2,197,0,881,0.7741203178206584,0.22360953461975028,0.0,0.0022701475595913734
USO,-2 to -1,12,649,2,230,0,881,0.7366628830874007,0.26106696935300794,0.0,0.0022701475595913734
USO,-2 to -1,13,596,0,285,0,881,0.6765039727582293,0.32349602724177073,0.0,0.0
USO,-2 to -1,14,558,5,318,0,881,0.6333711691259932,0.36095346197502837,0.0,0.0056753688989784334
USO,-2 to -1,15,498,2,381,0,881,0.565266742338252,0.43246311010215666,0.0,0.0022701475595913734
USO,-2 to -1,16,434,2,439,0,875,0.496,0.5017142857142857,0.0,0.002285714285714286
USO,-2 to -1,17,340,1,491,0,832,0.40865384615384615,0.5901442307692307,0.0,0.001201923076923077
USO,-2 to -1,18,246,2,319,0,567,0.43386243386243384,0.562610229276896,0.0,0.003527336860670194
USO,-2 to -1,19,150,0,165,0,315,0.47619047619047616,0.5238095238095238,0.0,0.0
USO,-2 to -1,20,112,2,201,0,315,0.35555555555555557,0.638095238095238,0.0,0.006349206349206349
USO,-2 to -1,21,94,1,201,0,296,0.31756756756756754,0.6790540540540541,0.0,0.0033783783783783786
USO,-2 to -1,22,66,2,162,0,230,0.28695652173913044,0.7043478260869566,0.0,0.008695652173913044
USO,-2 to -1,23,30,0,76,0,106,0.2830188679245283,0.7169811320754716,0.0,0.0
USO,-1 to 0,0,1379,0,0,0,1379,1.0,0.0,0.0,0.0
USO,-1 to 0,1,1379,0,0,0,1379,1.0,0.0,0.0,0.0
USO,-1 to 0,2,1378,1,0,0,1379,0.9992748368382887,0.0,0.0,0.0007251631617113851
USO,-1 to 0,3,1376,3,0,0,1379,0.9978245105148659,0.0,0.0,0.002175489485134155
USO,-1 to 0,4,1377,2,0,0,1379,0.9985496736765772,0.0,0.0,0.0014503263234227702
USO,-1 to 0,5,1377,0,2,0,1379,0.9985496736765772,0.0014503263234227702,0.0,0.0
USO,-1 to 0,6,1379,0,0,0,1379,1.0,0.0,0.0,0.0
USO,-1 to 0,7,1378,0,1,0,1379,0.9992748368382887,0.0007251631617113851,0.0,0.0
USO,-1 to 0,8,1376,0,3,0,1379,0.9978245105148659,0.002175489485134155,0.0,0.0
USO,-1 to 0,9,1370,0,9,0,1379,0.9934735315445975,0.006526468455402465,0.0,0.0
USO,-1 to 0,10,1361,0,18,0,1379,0.9869470630891951,0.01305293691080493,0.0,0.0
USO,-1 to 0,11,1350,0,29,0,1379,0.9789702683103698,0.02102973168963017,0.0,0.0
USO,-1 to 0,12,1340,1,38,0,1379,0.971718636693256,0.02755620014503263,0.0,0.0007251631617113851
USO,-1 to 0,13,1309,0,70,0,1379,0.949238578680203,0.050761421319796954,0.0,0.0
USO,-1 to 0,14,1258,0,121,0,1379,0.9122552574329225,0.0877447425670776,0.0,0.0
USO,-1 to 0,15,1205,0,174,0,1379,0.873821609862219,0.126178390137781,0.0,0.0
USO,-1 to 0,16,1132,0,236,0,1368,0.827485380116959,0.17251461988304093,0.0,0.0
USO,-1 to 0,17,1007,1,294,0,1302,0.7734254992319508,0.22580645161290322,0.0,0.0007680491551459293
USO,-1 to 0,18,691,0,196,0,887,0.7790304396843292,0.2209695603156708,0.0,0.0
USO,-1 to 0,19,390,0,99,0,489,0.7975460122699386,0.20245398773006135,0.0,0.0
USO,-1 to 0,20,367,1,121,0,489,0.7505112474437627,0.2474437627811861,0.0,0.002044989775051125
USO,-1 to 0,21,317,3,140,0,460,0.6891304347826087,0.30434782608695654,0.0,0.006521739130434782
USO,-1 to 0,22,248,0,107,0,355,0.6985915492957746,0.30140845070422534,0.0,0.0
USO,-1 to 0,23,135,0,34,0,169,0.7988165680473372,0.20118343195266272,0.0,0.0
USO,0 to 1,0,1260,0,0,0,1260,1.0,0.0,0.0,0.0
USO,0 to 1,1,1259,1,0,0,1260,0.9992063492063492,0.0,0.0,0.0007936507936507937
USO,0 to 1,2,1255,5,0,0,1260,0.996031746031746,0.0,0.0,0.003968253968253968
USO,0 to 1,3,1258,2,0,0,1260,0.9984126984126984,0.0,0.0,0.0015873015873015873
USO,0 to 1,4,1260,0,0,0,1260,1.0,0.0,0.0,0.0
USO,0 to 1,5,1258,1,1,0,1260,0.9984126984126984,0.0007936507936507937,0.0,0.0007936507936507937
USO,0 to 1,6,1257,1,2,0,1260,0.9976190476190476,0.0015873015873015873,0.0,0.0007936507936507937
USO,0 to 1,7,1251,1,8,0,1260,0.9928571428571429,0.006349206349206349,0.0,0.0007936507936507937
USO,0 to 1,8,1240,0,20,0,1260,0.9841269841269841,0.015873015873015872,0.0,0.0
USO,0 to 1,9,1226,1,33,0,1260,0.973015873015873,0.02619047619047619,0.0,0.0007936507936507937
USO,0 to 1,10,1203,1,56,0,1260,0.9547619047619048,0.044444444444444446,0.0,0.0007936507936507937
USO,0 to 1,11,1176,0,84,0,1260,0.9333333333333333,0.06666666666666667,0.0,0.0
USO,0 to 1,12,1162,0,98,0,1260,0.9222222222222223,0.07777777777777778,0.0,0.0
USO,0 to 1,13,1127,0,133,0,1260,0.8944444444444445,0.10555555555555556,0.0,0.0
USO,0 to 1,14,1076,0,184,0,1260,0.8539682539682539,0.14603174603174604,0.0,0.0
USO,0 to 1,15,1024,1,235,0,1260,0.8126984126984127,0.1865079365079365,0.0,0.0007936507936507937
USO,0 to 1,16,934,3,312,0,1249,0.7477982385908727,0.24979983987189752,0.0,0.0024019215372297837
USO,0 to 1,17,838,3,348,0,1189,0.704793944491169,0.2926829268292683,0.0,0.002523128679562658
USO,0 to 1,18,599,3,210,0,812,0.7376847290640394,0.25862068965517243,0.0,0.003694581280788177
USO,0 to 1,19,380,1,75,0,456,0.8333333333333334,0.16447368421052633,0.0,0.0021929824561403508
USO,0 to 1,20,364,0,92,0,456,0.7982456140350878,0.20175438596491227,0.0,0.0
USO,0 to 1,21,300,0,125,0,425,0.7058823529411765,0.29411764705882354,0.0,0.0
USO,0 to 1,22,200,0,119,0,319,0.6269592476489029,0.3730407523510972,0.0,0.0
USO,0 to 1,23,79,0,77,0,156,0.5064102564102564,0.4935897435897436,0.0,0.0
USO,1 to 2,0,1046,0,0,0,1046,1.0,0.0,0.0,0.0
USO,1 to 2,1,1025,0,21,0,1046,0.9799235181644359,0.020076481835564052,0.0,0.0
USO,1 to 2,2,1011,0,35,0,1046,0.9665391969407265,0.033460803059273424,0.0,0.0
USO,1 to 2,3,990,1,55,0,1046,0.9464627151051626,0.052581261950286805,0.0,0.0009560229445506692
USO,1 to 2,4,967,0,79,0,1046,0.9244741873804971,0.07552581261950286,0.0,0.0
USO,1 to 2,5,922,0,124,0,1046,0.8814531548757171,0.11854684512428298,0.0,0.0
USO,1 to 2,6,880,0,166,0,1046,0.8413001912045889,0.1586998087954111,0.0,0.0
USO,1 to 2,7,862,0,184,0,1046,0.8240917782026769,0.17590822179732313,0.0,0.0
USO,1 to 2,8,827,0,219,0,1046,0.7906309751434034,0.20936902485659656,0.0,0.0
USO,1 to 2,9,787,0,259,0,1046,0.7523900573613767,0.24760994263862332,0.0,0.0
USO,1 to 2,10,733,1,312,0,1046,0.7007648183556405,0.2982791586998088,0.0,0.0009560229445506692
USO,1 to 2,11,705,0,341,0,1046,0.6739961759082218,0.3260038240917782,0.0,0.0
USO,1 to 2,12,660,0,386,0,1046,0.6309751434034416,0.3690248565965583,0.0,0.0
USO,1 to 2,13,601,0,445,0,1046,0.5745697896749522,0.4254302103250478,0.0,0.0
USO,1 to 2,14,534,2,510,0,1046,0.5105162523900574,0.4875717017208413,0.0,0.0019120458891013384
USO,1 to 2,15,459,1,586,0,1046,0.43881453154875716,0.5602294455066922,0.0,0.0009560229445506692
USO,1 to 2,16,393,0,647,0,1040,0.3778846153846154,0.6221153846153846,0.0,0.0
USO,1 to 2,17,333,0,646,0,979,0.34014300306435136,0.6598569969356486,0.0,0.0
USO,1 to 2,18,244,2,438,0,684,0.3567251461988304,0.6403508771929824,0.0,0.0029239766081871343
USO,1 to 2,19,167,0,219,0,386,0.4326424870466321,0.5673575129533679,0.0,0.0
USO,1 to 2,20,135,0,251,0,386,0.34974093264248707,0.6502590673575129,0.0,0.0
USO,1 to 2,21,95,0,266,0,361,0.2631578947368421,0.7368421052631579,0.0,0.0
USO,1 to 2,22,41,1,248,0,290,0.1413793103448276,0.8551724137931035,0.0,0.0034482758620689655
USO,1 to 2,23,4,0,129,0,133,0.03007518796992481,0.9699248120300752,0.0,0.0
USO,2 to 3,0,555,0,0,0,555,1.0,0.0,0.0,0.0
USO,2 to 3,1,495,1,59,0,555,0.8918918918918919,0.1063063063063063,0.0,0.0018018018018018018
USO,2 to 3,2,447,0,108,0,555,0.8054054054054054,0.1945945945945946,0.0,0.0
USO,2 to 3,3,414,1,140,0,555,0.745945945945946,0.25225225225225223,0.0,0.0018018018018018018
USO,2 to 3,4,394,1,160,0,555,0.7099099099099099,0.2882882882882883,0.0,0.0018018018018018018
USO,2 to 3,5,372,0,183,0,555,0.6702702702702703,0.32972972972972975,0.0,0.0
USO,2 to 3,6,339,0,216,0,555,0.6108108108108108,0.3891891891891892,0.0,0.0
USO,2 to 3,7,310,0,245,0,555,0.5585585585585585,0.44144144144144143,0.0,0.0
USO,2 to 3,8,277,0,278,0,555,0.4990990990990991,0.5009009009009009,0.0,0.0
USO,2 to 3,9,257,0,298,0,555,0.46306306306306305,0.5369369369369369,0.0,0.0
USO,2 to 3,10,234,0,321,0,555,0.42162162162162165,0.5783783783783784,0.0,0.0
USO,2 to 3,11,192,1,362,0,555,0.34594594594594597,0.6522522522522523,0.0,0.0018018018018018018
USO,2 to 3,12,196,0,359,0,555,0.35315315315315315,0.6468468468468469,0.0,0.0
USO,2 to 3,13,161,0,394,0,555,0.29009009009009007,0.7099099099099099,0.0,0.0
USO,2 to 3,14,124,1,430,0,555,0.22342342342342342,0.7747747747747747,0.0,0.0018018018018018018
USO,2 to 3,15,98,0,457,0,555,0.17657657657657658,0.8234234234234235,0.0,0.0
USO,2 to 3,16,72,0,479,0,551,0.1306715063520871,0.8693284936479129,0.0,0.0
USO,2 to 3,17,37,0,471,0,508,0.07283464566929133,0.9271653543307087,0.0,0.0
USO,2 to 3,18,40,0,302,0,342,0.11695906432748537,0.8830409356725146,0.0,0.0
USO,2 to 3,19,31,0,174,0,205,0.15121951219512195,0.848780487804878,0.0,0.0
USO,2 to 3,20,20,1,184,0,205,0.0975609756097561,0.8975609756097561,0.0,0.004878048780487805
USO,2 to 3,21,7,0,186,0,193,0.03626943005181347,0.9637305699481865,0.0,0.0
USO,2 to 3,22,1,0,146,0,147,0.006802721088435374,0.9931972789115646,0.0,0.0
USO,2 to 3,23,0,0,57,0,57,0.0,1.0,0.0,0.0
USO,3 up,0,481,0,0,0,481,1.0,0.0,0.0,0.0
USO,3 up,1,351,1,129,0,481,0.7297297297297297,0.2681912681912682,0.0,0.002079002079002079
USO,3 up,2,315,0,166,0,481,0.6548856548856549,0.34511434511434513,0.0,0.0
USO,3 up,3,282,0,199,0,481,0.5862785862785863,0.41372141372141374,0.0,0.0
USO,3 up,4,254,1,226,0,481,0.5280665280665281,0.4698544698544699,0.0,0.002079002079002079
USO,3 up,5,230,2,249,0,481,0.4781704781704782,0.5176715176715176,0.0,0.004158004158004158
USO,3 up,6,179,1,301,0,481,0.37214137214137216,0.6257796257796258,0.0,0.002079002079002079
USO,3 up,7,146,0,335,0,481,0.30353430353430355,0.6964656964656964,0.0,0.0
USO,3 up,8,140,2,339,0,481,0.2910602910602911,0.7047817047817048,0.0,0.004158004158004158
USO,3 up,9,132,0,349,0,481,0.27442827442827444,0.7255717255717256,0.0,0.0
USO,3 up,10,91,1,389,0,481,0.1891891891891892,0.8087318087318087,0.0,0.002079002079002079
USO,3 up,11,70,1,410,0,481,0.14553014553014554,0.8523908523908524,0.0,0.002079002079002079
USO,3 up,12,64,1,416,0,481,0.13305613305613306,0.8648648648648649,0.0,0.002079002079002079
USO,3 up,13,47,1,433,0,481,0.09771309771309772,0.9002079002079002,0.0,0.002079002079002079
USO,3 up,14,25,2,454,0,481,0.05197505197505198,0.9438669438669439,0.0,0.004158004158004158
USO,3 up,15,18,1,462,0,481,0.037422037422037424,0.9604989604989606,0.0,0.002079002079002079
USO,3 up,16,9,1,466,0,476,0.018907563025210083,0.9789915966386554,0.0,0.0021008403361344537
USO,3 up,17,4,0,439,0,443,0.009029345372460496,0.9909706546275395,0.0,0.0
USO,3 up,18,7,0,285,0,292,0.023972602739726026,0.976027397260274,0.0,0.0
USO,3 up,19,8,0,153,0,161,0.049689440993788817,0.9503105590062112,0.0,0.0
USO,3 up,20,6,0,155,0,161,0.037267080745341616,0.9627329192546584,0.0,0.0
USO,3 up,21,3,0,137,0,140,0.02142857142857143,0.9785714285714285,0.0,0.0
USO,3 up,22,0,0,121,0,121,0.0,1.0,0.0,0.0
USO,3 up,23,0,0,24,0,24,0.0,1.0,0.0,0.0
