ticker,date,cycle,exdate,rows,standard_rows,non_standard_rows,contract_sizes,passing_rows,paired_strikes,delta_null_rows
USO,2020-03-02,154,2020-03-20,70,70,0,100,46,11,14
USO,2020-03-03,154,2020-03-20,70,70,0,100,45,10,8
USO,2020-03-04,154,2020-03-20,70,70,0,100,45,10,9
USO,2020-03-05,154,2020-03-20,70,70,0,100,45,10,19
USO,2020-03-06,154,2020-03-20,70,70,0,100,47,12,7
USO,2020-03-09,154,2020-03-20,70,70,0,100,50,15,22
USO,2020-03-10,154,2020-03-20,70,70,0,100,48,13,4
USO,2020-03-11,154,2020-03-20,70,70,0,100,45,10,6
USO,2020-03-12,154,2020-03-20,70,70,0,100,45,10,29
USO,2020-03-13,154,2020-03-20,70,70,0,100,47,12,36
USO,2020-03-16,154,2020-03-20,70,70,0,100,44,9,36
USO,2020-03-17,154,2020-03-20,70,70,0,100,43,8,46
USO,2020-03-18,154,2020-03-20,70,70,0,100,41,6,59
USO,2020-03-19,154,2020-03-20,70,70,0,100,40,5,60
USO,2020-03-20,154,2020-03-20,70,70,0,100,35,0,70
USO,2020-03-23,155,2020-04-17,76,76,0,100,57,19,4
USO,2020-03-24,155,2020-04-17,76,76,0,100,56,18,5
USO,2020-03-25,155,2020-04-17,76,76,0,100,54,16,4
USO,2020-03-26,155,2020-04-17,76,76,0,100,55,17,6
USO,2020-03-27,155,2020-04-17,76,76,0,100,54,16,20
USO,2020-03-30,155,2020-04-17,76,76,0,100,55,17,8
USO,2020-03-31,155,2020-04-17,76,76,0,100,52,14,13
USO,2020-04-01,155,2020-04-17,78,78,0,100,54,15,18
USO,2020-04-02,155,2020-04-17,78,78,0,100,57,18,17
USO,2020-04-03,155,2020-04-17,78,78,0,100,61,22,8
USO,2020-04-06,155,2020-04-17,78,78,0,100,58,19,21
USO,2020-04-07,155,2020-04-17,78,78,0,100,56,17,33
USO,2020-04-08,155,2020-04-17,78,78,0,100,58,19,29
USO,2020-04-09,155,2020-04-17,78,78,0,100,53,14,31
USO,2020-04-13,155,2020-04-17,78,78,0,100,46,7,51
USO,2020-04-14,155,2020-04-17,78,78,0,100,44,5,56
USO,2020-04-15,155,2020-04-17,78,78,0,100,43,4,63
USO,2020-04-16,155,2020-04-17,78,78,0,100,41,2,69
USO,2020-04-17,155,2020-04-17,78,78,0,100,39,0,78
USO,2020-04-20,156,2020-05-15,46,46,0,100,43,20,8
USO,2020-04-21,156,2020-05-15,46,46,0,100,45,22,15
USO,2020-04-22,156,2020-05-15,46,46,0,100,43,20,8
USO,2020-04-23,156,2020-05-15,46,46,0,100,42,19,8
USO,2020-04-24,156,2020-05-15,46,46,0,100,42,19,4
USO,2020-04-27,156,2020-05-15,46,46,0,100,38,15,11
USO,2020-04-28,156,2020-05-15,46,46,0,100,36,13,12
USO,2020-04-29,156,2020-05-15,46,0,46,12,0,0,46
USO,2020-04-30,156,2020-05-15,100,54,46,12 100,54,27,46
USO,2020-05-01,156,2020-05-15,110,64,46,12 100,64,32,51
USO,2020-05-04,156,2020-05-15,112,66,46,12 100,63,30,50
USO,2020-05-05,156,2020-05-15,124,78,46,12 100,73,34,59
USO,2020-05-06,156,2020-05-15,124,78,46,12 100,74,35,53
USO,2020-05-07,156,2020-05-15,124,78,46,12 100,73,34,56
USO,2020-05-08,156,2020-05-15,124,78,46,12 100,72,33,63
USO,2020-05-11,156,2020-05-15,124,78,46,12 100,62,23,69
USO,2020-05-12,156,2020-05-15,124,78,46,12 100,58,19,64
USO,2020-05-13,156,2020-05-15,124,78,46,12 100,59,20,76
USO,2020-05-14,156,2020-05-15,124,78,46,12 100,52,13,81
USO,2020-05-15,156,2020-05-15,124,78,46,12 100,40,1,124
USO,2020-05-18,157,2020-06-19,146,100,46,12 100,92,42,53
USO,2020-05-19,157,2020-06-19,146,100,46,12 100,91,41,58
USO,2020-05-20,157,2020-06-19,150,104,46,12 100,95,43,52
USO,2020-05-21,157,2020-06-19,150,104,46,12 100,96,44,55
USO,2020-05-22,157,2020-06-19,150,104,46,12 100,95,43,55
USO,2020-05-26,157,2020-06-19,150,104,46,12 100,94,42,60
USO,2020-05-27,157,2020-06-19,150,104,46,12 100,93,41,70
USO,2020-05-28,157,2020-06-19,150,104,46,12 100,93,41,71
USO,2020-05-29,157,2020-06-19,150,104,46,12 100,89,37,53
USO,2020-06-01,157,2020-06-19,150,104,46,12 100,89,37,64
USO,2020-06-02,157,2020-06-19,150,104,46,12 100,86,34,61
USO,2020-06-03,157,2020-06-19,150,104,46,12 100,85,33,61
USO,2020-06-04,157,2020-06-19,150,104,46,12 100,83,31,73
USO,2020-06-05,157,2020-06-19,150,104,46,12 100,79,27,59
USO,2020-06-08,157,2020-06-19,150,104,46,12 100,82,30,64
USO,2020-06-09,157,2020-06-19,150,104,46,12 100,83,31,84
USO,2020-06-10,157,2020-06-19,152,106,46,12 100,82,29,73
USO,2020-06-11,157,2020-06-19,160,114,46,12 100,94,37,66
USO,2020-06-12,157,2020-06-19,160,114,46,12 100,91,34,85
USO,2020-06-15,157,2020-06-19,160,114,46,12 100,87,30,87
USO,2020-06-16,157,2020-06-19,160,114,46,12 100,78,21,91
USO,2020-06-17,157,2020-06-19,160,114,46,12 100,72,15,94
USO,2020-06-18,157,2020-06-19,160,114,46,12 100,67,10,109
USO,2020-06-19,157,2020-06-19,160,114,46,12 100,57,0,160
USO,2020-06-22,158,2020-07-17,210,130,80,12 100,113,48,94
USO,2020-06-23,158,2020-07-17,210,130,80,12 100,117,52,93
USO,2020-06-24,158,2020-07-17,210,130,80,12 100,112,47,102
USO,2020-06-25,158,2020-07-17,210,130,80,12 100,113,48,91
USO,2020-06-26,158,2020-07-17,210,130,80,12 100,116,51,92
USO,2020-06-29,158,2020-07-17,210,130,80,12 100,111,46,102
USO,2020-06-30,158,2020-07-17,210,130,80,12 100,106,41,94
UNG,2020-03-02,154,2020-03-20,70,70,0,100,47,12,4
UNG,2020-03-03,154,2020-03-20,70,70,0,100,45,10,5
UNG,2020-03-04,154,2020-03-20,70,70,0,100,46,11,14
UNG,2020-03-05,154,2020-03-20,70,70,0,100,45,10,22
UNG,2020-03-06,154,2020-03-20,70,70,0,100,46,11,17
UNG,2020-03-09,154,2020-03-20,70,70,0,100,45,10,11
UNG,2020-03-10,154,2020-03-20,70,70,0,100,46,11,13
UNG,2020-03-11,154,2020-03-20,70,70,0,100,45,10,12
UNG,2020-03-12,154,2020-03-20,70,70,0,100,46,11,22
UNG,2020-03-13,154,2020-03-20,70,70,0,100,46,11,22
UNG,2020-03-16,154,2020-03-20,70,70,0,100,44,9,22
UNG,2020-03-17,154,2020-03-20,72,72,0,100,43,7,34
UNG,2020-03-18,154,2020-03-20,72,72,0,100,42,6,40
UNG,2020-03-19,154,2020-03-20,72,72,0,100,41,5,44
UNG,2020-03-20,154,2020-03-20,72,72,0,100,36,0,72
UNG,2020-03-23,155,2020-04-17,82,82,0,100,61,20,10
UNG,2020-03-24,155,2020-04-17,82,82,0,100,62,21,5
UNG,2020-03-25,155,2020-04-17,82,82,0,100,61,20,9
UNG,2020-03-26,155,2020-04-17,82,82,0,100,61,20,9
UNG,2020-03-27,155,2020-04-17,82,82,0,100,60,19,17
UNG,2020-03-30,155,2020-04-17,82,82,0,100,59,18,15
UNG,2020-03-31,155,2020-04-17,82,82,0,100,59,18,17
UNG,2020-04-01,155,2020-04-17,82,82,0,100,57,16,21
UNG,2020-04-02,155,2020-04-17,82,82,0,100,54,13,25
UNG,2020-04-03,155,2020-04-17,82,82,0,100,56,15,18
UNG,2020-04-06,155,2020-04-17,82,82,0,100,57,16,7
UNG,2020-04-07,155,2020-04-17,82,82,0,100,56,15,7
UNG,2020-04-08,155,2020-04-17,82,82,0,100,57,16,20
UNG,2020-04-09,155,2020-04-17,84,84,0,100,58,16,23
UNG,2020-04-13,155,2020-04-17,84,84,0,100,51,9,30
UNG,2020-04-14,155,2020-04-17,84,84,0,100,52,10,42
UNG,2020-04-15,155,2020-04-17,84,84,0,100,49,7,49
UNG,2020-04-16,155,2020-04-17,84,84,0,100,47,5,54
UNG,2020-04-17,155,2020-04-17,84,84,0,100,42,0,84
UNG,2020-04-20,156,2020-05-15,64,64,0,100,55,23,0
UNG,2020-04-21,156,2020-05-15,64,64,0,100,57,25,3
UNG,2020-04-22,156,2020-05-15,64,64,0,100,53,21,0
UNG,2020-04-23,156,2020-05-15,64,64,0,100,54,22,0
UNG,2020-04-24,156,2020-05-15,64,64,0,100,58,26,1
UNG,2020-04-27,156,2020-05-15,66,66,0,100,58,25,3
UNG,2020-04-28,156,2020-05-15,66,66,0,100,54,21,10
UNG,2020-04-29,156,2020-05-15,66,66,0,100,52,19,8
UNG,2020-04-30,156,2020-05-15,66,66,0,100,52,19,3
UNG,2020-05-01,156,2020-05-15,66,66,0,100,51,18,6
UNG,2020-05-04,156,2020-05-15,66,66,0,100,52,19,11
UNG,2020-05-05,156,2020-05-15,66,66,0,100,49,16,6
UNG,2020-05-06,156,2020-05-15,66,66,0,100,49,16,7
UNG,2020-05-07,156,2020-05-15,66,66,0,100,50,17,11
UNG,2020-05-08,156,2020-05-15,66,66,0,100,48,15,14
UNG,2020-05-11,156,2020-05-15,66,66,0,100,47,14,13
UNG,2020-05-12,156,2020-05-15,66,66,0,100,42,9,21
UNG,2020-05-13,156,2020-05-15,66,66,0,100,43,10,31
UNG,2020-05-14,156,2020-05-15,66,66,0,100,38,5,42
UNG,2020-05-15,156,2020-05-15,66,66,0,100,33,0,66
UNG,2020-05-18,157,2020-06-19,72,72,0,100,62,26,12
UNG,2020-05-19,157,2020-06-19,72,72,0,100,64,28,7
UNG,2020-05-20,157,2020-06-19,72,72,0,100,59,23,4
UNG,2020-05-21,157,2020-06-19,72,72,0,100,64,28,13
UNG,2020-05-22,157,2020-06-19,74,74,0,100,63,26,17
UNG,2020-05-26,157,2020-06-19,74,74,0,100,60,23,10
UNG,2020-05-27,157,2020-06-19,74,74,0,100,61,24,9
UNG,2020-05-28,157,2020-06-19,74,74,0,100,58,21,14
UNG,2020-05-29,157,2020-06-19,74,74,0,100,55,18,13
UNG,2020-06-01,157,2020-06-19,74,74,0,100,54,17,10
UNG,2020-06-02,157,2020-06-19,74,74,0,100,52,15,21
UNG,2020-06-03,157,2020-06-19,74,74,0,100,51,14,15
UNG,2020-06-04,157,2020-06-19,74,74,0,100,52,15,18
UNG,2020-06-05,157,2020-06-19,74,74,0,100,51,14,18
UNG,2020-06-08,157,2020-06-19,74,74,0,100,55,18,12
UNG,2020-06-09,157,2020-06-19,74,74,0,100,53,16,19
UNG,2020-06-10,157,2020-06-19,74,74,0,100,48,11,14
UNG,2020-06-11,157,2020-06-19,74,74,0,100,45,8,25
UNG,2020-06-12,157,2020-06-19,74,74,0,100,47,10,25
UNG,2020-06-15,157,2020-06-19,74,74,0,100,50,13,25
UNG,2020-06-16,157,2020-06-19,74,74,0,100,46,9,33
UNG,2020-06-17,157,2020-06-19,74,74,0,100,41,4,40
UNG,2020-06-18,157,2020-06-19,74,74,0,100,39,2,52
UNG,2020-06-19,157,2020-06-19,74,74,0,100,37,0,74
UNG,2020-06-22,158,2020-07-17,86,86,0,100,63,20,16
UNG,2020-06-23,158,2020-07-17,86,86,0,100,63,20,19
UNG,2020-06-24,158,2020-07-17,86,86,0,100,60,17,17
UNG,2020-06-25,158,2020-07-17,86,86,0,100,61,18,16
UNG,2020-06-26,158,2020-07-17,86,86,0,100,56,13,22
UNG,2020-06-29,158,2020-07-17,86,86,0,100,54,11,25
UNG,2020-06-30,158,2020-07-17,86,86,0,100,56,13,19
