ticker,cycle,entry,expiration,arm,optionid,cp_flag,strike_price,cycle_days,days_present,days_standard,action_in_cycle,action_date,days_after_action,days_after_action_present,days_after_action_standard,survives_filter_after_action,ss_flag_after_action,contract_size_after_action,delta_null_days_after_action
UNG,154,2020-02-24,2020-03-20,straddle,132617512,C,14.5,20,20,20,,,0,0,0,False,,,0
UNG,154,2020-02-24,2020-03-20,straddle,132617525,P,14.5,20,20,20,,,0,0,0,False,,,0
UNG,154,2020-02-24,2020-03-20,strip,132031145,C,14.0,20,20,20,,,0,0,0,False,,,0
UNG,154,2020-02-24,2020-03-20,strip,132031146,C,15.0,20,20,20,,,0,0,0,False,,,0
UNG,154,2020-02-24,2020-03-20,strip,132031147,C,16.0,20,20,20,,,0,0,0,False,,,0
UNG,154,2020-02-24,2020-03-20,strip,132031148,C,17.0,20,20,20,,,0,0,0,False,,,0
UNG,154,2020-02-24,2020-03-20,strip,132031162,P,13.0,20,20,20,,,0,0,0,False,,,0
UNG,154,2020-02-24,2020-03-20,strip,132031163,P,14.0,20,20,20,,,0,0,0,False,,,0
UNG,154,2020-02-24,2020-03-20,strip,132617512,C,14.5,20,20,20,,,0,0,0,False,,,0
UNG,154,2020-02-24,2020-03-20,strip,132617513,C,15.5,20,20,20,,,0,0,0,False,,,0
UNG,154,2020-02-24,2020-03-20,strip,132617514,C,16.5,20,20,20,,,0,0,0,False,,,0
UNG,154,2020-02-24,2020-03-20,strip,132617523,P,12.5,20,20,20,,,0,0,0,False,,,0
UNG,154,2020-02-24,2020-03-20,strip,132617524,P,13.5,20,20,20,,,0,0,0,False,,,0
UNG,155,2020-03-23,2020-04-17,straddle,133354446,C,12.5,19,19,19,,,0,0,0,False,,,0
UNG,155,2020-03-23,2020-04-17,straddle,133354457,P,12.5,19,19,19,,,0,0,0,False,,,0
UNG,155,2020-03-23,2020-04-17,strip,130223692,C,13.0,19,19,19,,,0,0,0,False,,,0
UNG,155,2020-03-23,2020-04-17,strip,130223693,C,14.0,19,19,19,,,0,0,0,False,,,0
UNG,155,2020-03-23,2020-04-17,strip,130223694,C,15.0,19,19,19,,,0,0,0,False,,,0
UNG,155,2020-03-23,2020-04-17,strip,130223695,C,16.0,19,19,19,,,0,0,0,False,,,0
UNG,155,2020-03-23,2020-04-17,strip,130223696,C,17.0,19,19,19,,,0,0,0,False,,,0
UNG,155,2020-03-23,2020-04-17,strip,130223697,C,18.0,19,19,19,,,0,0,0,False,,,0
UNG,155,2020-03-23,2020-04-17,strip,130223699,C,20.0,19,19,19,,,0,0,0,False,,,0
UNG,155,2020-03-23,2020-04-17,strip,130223700,C,21.0,19,19,19,,,0,0,0,False,,,0
UNG,155,2020-03-23,2020-04-17,strip,130223710,P,10.0,19,19,19,,,0,0,0,False,,,0
UNG,155,2020-03-23,2020-04-17,strip,130223711,P,11.0,19,19,19,,,0,0,0,False,,,0
UNG,155,2020-03-23,2020-04-17,strip,130223712,P,12.0,19,19,19,,,0,0,0,False,,,0
UNG,155,2020-03-23,2020-04-17,strip,133354446,C,12.5,19,19,19,,,0,0,0,False,,,0
UNG,155,2020-03-23,2020-04-17,strip,133354447,C,13.5,19,19,19,,,0,0,0,False,,,0
UNG,155,2020-03-23,2020-04-17,strip,133354448,C,14.5,19,19,19,,,0,0,0,False,,,0
UNG,155,2020-03-23,2020-04-17,strip,133354449,C,15.5,19,19,19,,,0,0,0,False,,,0
UNG,155,2020-03-23,2020-04-17,strip,133354450,C,16.5,19,19,19,,,0,0,0,False,,,0
UNG,155,2020-03-23,2020-04-17,strip,133354451,C,17.5,19,19,19,,,0,0,0,False,,,0
UNG,155,2020-03-23,2020-04-17,strip,133354455,P,10.5,19,19,19,,,0,0,0,False,,,0
UNG,155,2020-03-23,2020-04-17,strip,133354456,P,11.5,19,19,19,,,0,0,0,False,,,0
UNG,155,2020-03-23,2020-04-17,strip,133354457,P,12.5,19,19,19,,,0,0,0,False,,,0
UNG,155,2020-03-23,2020-04-17,strip,133354465,P,9.5,19,19,19,,,0,0,0,False,,,0
UNG,156,2020-04-20,2020-05-15,straddle,133788621,C,14.5,20,20,20,,,0,0,0,False,,,0
UNG,156,2020-04-20,2020-05-15,straddle,133788631,P,14.5,20,20,20,,,0,0,0,False,,,0
UNG,156,2020-04-20,2020-05-15,strip,133354470,C,14.0,20,20,20,,,0,0,0,False,,,0
UNG,156,2020-04-20,2020-05-15,strip,133354471,C,15.0,20,20,20,,,0,0,0,False,,,0
UNG,156,2020-04-20,2020-05-15,strip,133354472,C,16.0,20,20,20,,,0,0,0,False,,,0
UNG,156,2020-04-20,2020-05-15,strip,133354473,C,17.0,20,20,20,,,0,0,0,False,,,0
UNG,156,2020-04-20,2020-05-15,strip,133354474,C,18.0,20,20,20,,,0,0,0,False,,,0
UNG,156,2020-04-20,2020-05-15,strip,133354475,C,19.0,20,20,20,,,0,0,0,False,,,0
UNG,156,2020-04-20,2020-05-15,strip,133354476,C,20.0,20,20,20,,,0,0,0,False,,,0
UNG,156,2020-04-20,2020-05-15,strip,133354477,C,21.0,20,20,20,,,0,0,0,False,,,0
UNG,156,2020-04-20,2020-05-15,strip,133354478,C,22.0,20,20,20,,,0,0,0,False,,,0
UNG,156,2020-04-20,2020-05-15,strip,133354479,C,23.0,20,20,20,,,0,0,0,False,,,0
UNG,156,2020-04-20,2020-05-15,strip,133354487,P,10.0,20,20,20,,,0,0,0,False,,,0
UNG,156,2020-04-20,2020-05-15,strip,133354488,P,11.0,20,20,20,,,0,0,0,False,,,0
UNG,156,2020-04-20,2020-05-15,strip,133354489,P,12.0,20,20,20,,,0,0,0,False,,,0
UNG,156,2020-04-20,2020-05-15,strip,133354490,P,13.0,20,20,20,,,0,0,0,False,,,0
UNG,156,2020-04-20,2020-05-15,strip,133354491,P,14.0,20,20,20,,,0,0,0,False,,,0
UNG,156,2020-04-20,2020-05-15,strip,133682380,C,24.0,20,20,20,,,0,0,0,False,,,0
UNG,156,2020-04-20,2020-05-15,strip,133788621,C,14.5,20,20,20,,,0,0,0,False,,,0
UNG,156,2020-04-20,2020-05-15,strip,133788622,C,15.5,20,20,20,,,0,0,0,False,,,0
UNG,156,2020-04-20,2020-05-15,strip,133788623,C,16.5,20,20,20,,,0,0,0,False,,,0
UNG,156,2020-04-20,2020-05-15,strip,133788624,C,17.5,20,20,20,,,0,0,0,False,,,0
UNG,156,2020-04-20,2020-05-15,strip,133788627,P,10.5,20,20,20,,,0,0,0,False,,,0
UNG,156,2020-04-20,2020-05-15,strip,133788628,P,11.5,20,20,20,,,0,0,0,False,,,0
UNG,156,2020-04-20,2020-05-15,strip,133788629,P,12.5,20,20,20,,,0,0,0,False,,,0
UNG,156,2020-04-20,2020-05-15,strip,133788630,P,13.5,20,20,20,,,0,0,0,False,,,0
UNG,157,2020-05-18,2020-06-19,straddle,133788639,C,12.0,24,24,24,,,0,0,0,False,,,0
UNG,157,2020-05-18,2020-06-19,straddle,133788661,P,12.0,24,24,24,,,0,0,0,False,,,0
UNG,157,2020-05-18,2020-06-19,strip,133788639,C,12.0,24,24,24,,,0,0,0,False,,,0
UNG,157,2020-05-18,2020-06-19,strip,133788640,C,13.0,24,24,24,,,0,0,0,False,,,0
UNG,157,2020-05-18,2020-06-19,strip,133788641,C,14.0,24,24,24,,,0,0,0,False,,,0
UNG,157,2020-05-18,2020-06-19,strip,133788642,C,15.0,24,24,24,,,0,0,0,False,,,0
UNG,157,2020-05-18,2020-06-19,strip,133788643,C,16.0,24,24,24,,,0,0,0,False,,,0
UNG,157,2020-05-18,2020-06-19,strip,133788644,C,17.0,24,24,24,,,0,0,0,False,,,0
UNG,157,2020-05-18,2020-06-19,strip,133788645,C,18.0,24,24,24,,,0,0,0,False,,,0
UNG,157,2020-05-18,2020-06-19,strip,133788646,C,19.0,24,24,24,,,0,0,0,False,,,0
UNG,157,2020-05-18,2020-06-19,strip,133788659,P,10.0,24,24,24,,,0,0,0,False,,,0
UNG,157,2020-05-18,2020-06-19,strip,133788660,P,11.0,24,24,24,,,0,0,0,False,,,0
UNG,157,2020-05-18,2020-06-19,strip,133788661,P,12.0,24,24,24,,,0,0,0,False,,,0
UNG,157,2020-05-18,2020-06-19,strip,133788676,P,5.0,24,24,24,,,0,0,0,False,,,0
UNG,157,2020-05-18,2020-06-19,strip,133788677,P,6.0,24,24,24,,,0,0,0,False,,,0
UNG,157,2020-05-18,2020-06-19,strip,133788678,P,7.0,24,24,24,,,0,0,0,False,,,0
UNG,157,2020-05-18,2020-06-19,strip,133788679,P,8.0,24,24,24,,,0,0,0,False,,,0
UNG,157,2020-05-18,2020-06-19,strip,133788680,P,9.0,24,24,24,,,0,0,0,False,,,0
UNG,157,2020-05-18,2020-06-19,strip,134230937,C,12.5,24,24,24,,,0,0,0,False,,,0
UNG,157,2020-05-18,2020-06-19,strip,134230938,C,13.5,24,24,24,,,0,0,0,False,,,0
UNG,157,2020-05-18,2020-06-19,strip,134230939,C,14.5,24,24,24,,,0,0,0,False,,,0
UNG,157,2020-05-18,2020-06-19,strip,134230940,C,15.5,24,24,24,,,0,0,0,False,,,0
UNG,157,2020-05-18,2020-06-19,strip,134230941,C,16.5,24,24,24,,,0,0,0,False,,,0
UNG,157,2020-05-18,2020-06-19,strip,134230947,P,10.5,24,24,24,,,0,0,0,False,,,0
UNG,157,2020-05-18,2020-06-19,strip,134230948,P,11.5,24,24,24,,,0,0,0,False,,,0
UNG,157,2020-05-18,2020-06-19,strip,134230955,P,6.5,24,24,24,,,0,0,0,False,,,0
UNG,157,2020-05-18,2020-06-19,strip,134230956,P,7.5,24,24,24,,,0,0,0,False,,,0
UNG,157,2020-05-18,2020-06-19,strip,134230957,P,8.5,24,24,24,,,0,0,0,False,,,0
UNG,157,2020-05-18,2020-06-19,strip,134230958,P,9.5,24,24,24,,,0,0,0,False,,,0
UNG,158,2020-06-22,2020-07-17,straddle,132263414,C,10.0,19,19,19,,,0,0,0,False,,,0
UNG,158,2020-06-22,2020-07-17,straddle,132263418,P,10.0,19,19,19,,,0,0,0,False,,,0
UNG,158,2020-06-22,2020-07-17,strip,131384608,C,11.0,19,19,19,,,0,0,0,False,,,0
UNG,158,2020-06-22,2020-07-17,strip,131384609,C,12.0,19,19,19,,,0,0,0,False,,,0
UNG,158,2020-06-22,2020-07-17,strip,131384610,C,13.0,19,19,19,,,0,0,0,False,,,0
UNG,158,2020-06-22,2020-07-17,strip,131384611,C,14.0,19,19,19,,,0,0,0,False,,,0
UNG,158,2020-06-22,2020-07-17,strip,131384612,C,15.0,19,19,19,,,0,0,0,False,,,0
UNG,158,2020-06-22,2020-07-17,strip,131384614,C,17.0,19,19,19,,,0,0,0,False,,,0
UNG,158,2020-06-22,2020-07-17,strip,131384617,C,20.0,19,19,19,,,0,0,0,False,,,0
UNG,158,2020-06-22,2020-07-17,strip,132263414,C,10.0,19,19,19,,,0,0,0,False,,,0
UNG,158,2020-06-22,2020-07-17,strip,132263418,P,10.0,19,19,19,,,0,0,0,False,,,0
UNG,158,2020-06-22,2020-07-17,strip,132263419,P,7.0,19,19,19,,,0,0,0,False,,,0
UNG,158,2020-06-22,2020-07-17,strip,132263420,P,8.0,19,19,19,,,0,0,0,False,,,0
UNG,158,2020-06-22,2020-07-17,strip,132263421,P,9.0,19,19,19,,,0,0,0,False,,,0
UNG,158,2020-06-22,2020-07-17,strip,134768998,C,10.5,19,19,19,,,0,0,0,False,,,0
UNG,158,2020-06-22,2020-07-17,strip,134768999,C,11.5,19,19,19,,,0,0,0,False,,,0
UNG,158,2020-06-22,2020-07-17,strip,134769000,C,12.5,19,19,19,,,0,0,0,False,,,0
UNG,158,2020-06-22,2020-07-17,strip,134769001,C,13.5,19,19,19,,,0,0,0,False,,,0
UNG,158,2020-06-22,2020-07-17,strip,134769002,C,14.5,19,19,19,,,0,0,0,False,,,0
UNG,158,2020-06-22,2020-07-17,strip,134769016,P,6.5,19,19,19,,,0,0,0,False,,,0
UNG,158,2020-06-22,2020-07-17,strip,134769017,P,7.5,19,19,19,,,0,0,0,False,,,0
UNG,158,2020-06-22,2020-07-17,strip,134769018,P,8.5,19,19,19,,,0,0,0,False,,,0
UNG,158,2020-06-22,2020-07-17,strip,134769019,P,9.5,19,19,19,,,0,0,0,False,,,0
USO,154,2020-02-24,2020-03-20,straddle,132053306,C,10.5,20,20,20,,,0,0,0,False,,,0
USO,154,2020-02-24,2020-03-20,straddle,132053323,P,10.5,20,20,20,,,0,0,0,False,,,0
USO,154,2020-02-24,2020-03-20,strip,132053306,C,10.5,20,20,20,,,0,0,0,False,,,0
USO,154,2020-02-24,2020-03-20,strip,132053307,C,11.0,20,20,20,,,0,0,0,False,,,0
USO,154,2020-02-24,2020-03-20,strip,132053308,C,11.5,20,20,20,,,0,0,0,False,,,0
USO,154,2020-02-24,2020-03-20,strip,132053309,C,12.0,20,20,20,,,0,0,0,False,,,0
USO,154,2020-02-24,2020-03-20,strip,132053310,C,12.5,20,20,20,,,0,0,0,False,,,0
USO,154,2020-02-24,2020-03-20,strip,132053311,C,13.0,20,20,20,,,0,0,0,False,,,0
USO,154,2020-02-24,2020-03-20,strip,132053322,P,10.0,20,20,20,,,0,0,0,False,,,0
USO,154,2020-02-24,2020-03-20,strip,132053323,P,10.5,20,20,20,,,0,0,0,False,,,0
USO,154,2020-02-24,2020-03-20,strip,132053335,P,8.0,20,20,20,,,0,0,0,False,,,0
USO,154,2020-02-24,2020-03-20,strip,132053336,P,8.5,20,20,20,,,0,0,0,False,,,0
USO,154,2020-02-24,2020-03-20,strip,132053337,P,9.0,20,20,20,,,0,0,0,False,,,0
USO,154,2020-02-24,2020-03-20,strip,132053338,P,9.5,20,20,20,,,0,0,0,False,,,0
USO,155,2020-03-23,2020-04-17,straddle,130224917,C,5.0,19,19,19,,,0,0,0,False,,,0
USO,155,2020-03-23,2020-04-17,straddle,130224951,P,5.0,19,19,19,,,0,0,0,False,,,0
USO,155,2020-03-23,2020-04-17,strip,130224894,C,10.0,19,19,19,,,0,0,0,False,,,0
USO,155,2020-03-23,2020-04-17,strip,130224896,C,11.0,19,19,19,,,0,0,0,False,,,0
USO,155,2020-03-23,2020-04-17,strip,130224917,C,5.0,19,19,19,,,0,0,0,False,,,0
USO,155,2020-03-23,2020-04-17,strip,130224918,C,5.5,19,19,19,,,0,0,0,False,,,0
USO,155,2020-03-23,2020-04-17,strip,130224919,C,6.0,19,19,19,,,0,0,0,False,,,0
USO,155,2020-03-23,2020-04-17,strip,130224920,C,6.5,19,19,19,,,0,0,0,False,,,0
USO,155,2020-03-23,2020-04-17,strip,130224921,C,7.0,19,19,19,,,0,0,0,False,,,0
USO,155,2020-03-23,2020-04-17,strip,130224922,C,7.5,19,19,19,,,0,0,0,False,,,0
USO,155,2020-03-23,2020-04-17,strip,130224923,C,8.0,19,19,19,,,0,0,0,False,,,0
USO,155,2020-03-23,2020-04-17,strip,130224924,C,8.5,19,19,19,,,0,0,0,False,,,0
USO,155,2020-03-23,2020-04-17,strip,130224925,C,9.0,19,19,19,,,0,0,0,False,,,0
USO,155,2020-03-23,2020-04-17,strip,130224926,C,9.5,19,19,19,,,0,0,0,False,,,0
USO,155,2020-03-23,2020-04-17,strip,130224927,P,1.0,19,19,19,,,0,0,0,False,,,0
USO,155,2020-03-23,2020-04-17,strip,130224946,P,2.0,19,19,19,,,0,0,0,False,,,0
USO,155,2020-03-23,2020-04-17,strip,130224949,P,3.0,19,19,19,,,0,0,0,False,,,0
USO,155,2020-03-23,2020-04-17,strip,130224950,P,4.0,19,19,19,,,0,0,0,False,,,0
USO,155,2020-03-23,2020-04-17,strip,133355658,C,4.5,19,19,19,,,0,0,0,False,,,0
USO,155,2020-03-23,2020-04-17,strip,133355660,P,1.5,19,19,19,,,0,0,0,False,,,0
USO,155,2020-03-23,2020-04-17,strip,133355661,P,3.5,19,19,19,,,0,0,0,False,,,0
USO,155,2020-03-23,2020-04-17,strip,133355662,P,4.5,19,19,19,,,0,0,0,False,,,0
USO,156,2020-04-20,2020-05-15,strip,132986313,C,10.0,20,20,7,reverse split 1-for-8,2020-04-29,13,13,0,False,1,12,13
USO,156,2020-04-20,2020-05-15,strip,132986314,C,11.0,20,20,7,reverse split 1-for-8,2020-04-29,13,13,0,False,1,12,13
USO,156,2020-04-20,2020-05-15,strip,132986320,C,4.0,20,20,7,reverse split 1-for-8,2020-04-29,13,13,0,False,1,12,13
USO,156,2020-04-20,2020-05-15,strip,132986321,C,5.0,20,20,7,reverse split 1-for-8,2020-04-29,13,13,0,False,1,12,13
USO,156,2020-04-20,2020-05-15,strip,132986322,C,6.0,20,20,7,reverse split 1-for-8,2020-04-29,13,13,0,False,1,12,13
USO,156,2020-04-20,2020-05-15,strip,132986323,C,7.0,20,20,7,reverse split 1-for-8,2020-04-29,13,13,0,False,1,12,13
USO,156,2020-04-20,2020-05-15,strip,132986324,C,8.0,20,20,7,reverse split 1-for-8,2020-04-29,13,13,0,False,1,12,13
USO,156,2020-04-20,2020-05-15,strip,132986325,C,9.0,20,20,7,reverse split 1-for-8,2020-04-29,13,13,0,False,1,12,13
USO,156,2020-04-20,2020-05-15,strip,132986326,P,1.0,20,20,7,reverse split 1-for-8,2020-04-29,13,13,0,False,1,12,13
USO,156,2020-04-20,2020-05-15,strip,132986332,P,2.0,20,20,7,reverse split 1-for-8,2020-04-29,13,13,0,False,1,12,13
USO,156,2020-04-20,2020-05-15,strip,132986333,P,3.0,20,20,7,reverse split 1-for-8,2020-04-29,13,13,0,False,1,12,13
USO,156,2020-04-20,2020-05-15,strip,133549367,C,3.5,20,20,7,reverse split 1-for-8,2020-04-29,13,13,0,False,1,12,13
USO,156,2020-04-20,2020-05-15,strip,133549368,C,4.5,20,20,7,reverse split 1-for-8,2020-04-29,13,13,0,False,1,12,13
USO,156,2020-04-20,2020-05-15,strip,133549370,C,5.5,20,20,7,reverse split 1-for-8,2020-04-29,13,13,0,False,1,12,13
USO,156,2020-04-20,2020-05-15,strip,133549371,C,6.5,20,20,7,reverse split 1-for-8,2020-04-29,13,13,0,False,1,12,13
USO,156,2020-04-20,2020-05-15,strip,133549372,C,7.5,20,20,7,reverse split 1-for-8,2020-04-29,13,13,0,False,1,12,13
USO,156,2020-04-20,2020-05-15,strip,133549373,C,8.5,20,20,7,reverse split 1-for-8,2020-04-29,13,13,0,False,1,12,13
USO,156,2020-04-20,2020-05-15,strip,133549374,P,1.5,20,20,7,reverse split 1-for-8,2020-04-29,13,13,0,False,1,12,13
USO,156,2020-04-20,2020-05-15,strip,133549375,P,2.5,20,20,7,reverse split 1-for-8,2020-04-29,13,13,0,False,1,12,13
USO,156,2020-04-20,2020-05-15,strip,133549376,P,3.5,20,20,7,reverse split 1-for-8,2020-04-29,13,13,0,False,1,12,13
USO,156,2020-04-20,2020-05-15,strip,133549378,P,0.5,20,20,7,reverse split 1-for-8,2020-04-29,13,13,0,False,1,12,13
USO,157,2020-05-18,2020-06-19,straddle,134231236,C,24.5,24,24,24,,,0,0,0,False,,,0
USO,157,2020-05-18,2020-06-19,straddle,134231240,P,24.5,24,24,24,,,0,0,0,False,,,0
USO,157,2020-05-18,2020-06-19,strip,133973698,C,24.0,24,24,24,,,0,0,0,False,,,0
USO,157,2020-05-18,2020-06-19,strip,133973699,C,25.0,24,24,24,,,0,0,0,False,,,0
USO,157,2020-05-18,2020-06-19,strip,133973700,P,10.0,24,24,24,,,0,0,0,False,,,0
USO,157,2020-05-18,2020-06-19,strip,133973701,P,11.0,24,24,24,,,0,0,0,False,,,0
USO,157,2020-05-18,2020-06-19,strip,133973702,P,12.0,24,24,24,,,0,0,0,False,,,0
USO,157,2020-05-18,2020-06-19,strip,133973703,P,12.5,24,24,24,,,0,0,0,False,,,0
USO,157,2020-05-18,2020-06-19,strip,133973704,P,13.0,24,24,24,,,0,0,0,False,,,0
USO,157,2020-05-18,2020-06-19,strip,133973705,P,13.5,24,24,24,,,0,0,0,False,,,0
USO,157,2020-05-18,2020-06-19,strip,133973706,P,14.0,24,24,24,,,0,0,0,False,,,0
USO,157,2020-05-18,2020-06-19,strip,133973707,P,14.5,24,24,24,,,0,0,0,False,,,0
USO,157,2020-05-18,2020-06-19,strip,133973708,P,15.0,24,24,24,,,0,0,0,False,,,0
USO,157,2020-05-18,2020-06-19,strip,133973709,P,15.5,24,24,24,,,0,0,0,False,,,0
USO,157,2020-05-18,2020-06-19,strip,133973710,P,16.0,24,24,24,,,0,0,0,False,,,0
USO,157,2020-05-18,2020-06-19,strip,133973711,P,16.5,24,24,24,,,0,0,0,False,,,0
USO,157,2020-05-18,2020-06-19,strip,133973712,P,17.0,24,24,24,,,0,0,0,False,,,0
USO,157,2020-05-18,2020-06-19,strip,133973713,P,17.5,24,24,24,,,0,0,0,False,,,0
USO,157,2020-05-18,2020-06-19,strip,133973714,P,18.0,24,24,24,,,0,0,0,False,,,0
USO,157,2020-05-18,2020-06-19,strip,133973715,P,18.5,24,24,24,,,0,0,0,False,,,0
USO,157,2020-05-18,2020-06-19,strip,133973716,P,19.0,24,24,24,,,0,0,0,False,,,0
USO,157,2020-05-18,2020-06-19,strip,133973717,P,19.5,24,24,24,,,0,0,0,False,,,0
USO,157,2020-05-18,2020-06-19,strip,133973718,P,20.0,24,24,24,,,0,0,0,False,,,0
USO,157,2020-05-18,2020-06-19,strip,133973719,P,20.5,24,24,24,,,0,0,0,False,,,0
USO,157,2020-05-18,2020-06-19,strip,133973720,P,21.0,24,24,24,,,0,0,0,False,,,0
USO,157,2020-05-18,2020-06-19,strip,133973721,P,21.5,24,24,24,,,0,0,0,False,,,0
USO,157,2020-05-18,2020-06-19,strip,133973722,P,22.0,24,24,24,,,0,0,0,False,,,0
USO,157,2020-05-18,2020-06-19,strip,133973723,P,22.5,24,24,24,,,0,0,0,False,,,0
USO,157,2020-05-18,2020-06-19,strip,133973724,P,23.0,24,24,24,,,0,0,0,False,,,0
USO,157,2020-05-18,2020-06-19,strip,133973725,P,24.0,24,24,24,,,0,0,0,False,,,0
USO,157,2020-05-18,2020-06-19,strip,133993735,C,26.0,24,24,24,,,0,0,0,False,,,0
USO,157,2020-05-18,2020-06-19,strip,133993736,C,27.0,24,24,24,,,0,0,0,False,,,0
USO,157,2020-05-18,2020-06-19,strip,133993737,C,28.0,24,24,24,,,0,0,0,False,,,0
USO,157,2020-05-18,2020-06-19,strip,133993738,C,29.0,24,24,24,,,0,0,0,False,,,0
USO,157,2020-05-18,2020-06-19,strip,133993739,C,30.0,24,24,24,,,0,0,0,False,,,0
USO,157,2020-05-18,2020-06-19,strip,133993740,C,31.0,24,24,24,,,0,0,0,False,,,0
USO,157,2020-05-18,2020-06-19,strip,133993741,C,32.0,24,24,24,,,0,0,0,False,,,0
USO,157,2020-05-18,2020-06-19,strip,133993742,C,33.0,24,24,24,,,0,0,0,False,,,0
USO,157,2020-05-18,2020-06-19,strip,133993743,C,34.0,24,24,24,,,0,0,0,False,,,0
USO,157,2020-05-18,2020-06-19,strip,133993744,C,35.0,24,24,24,,,0,0,0,False,,,0
USO,157,2020-05-18,2020-06-19,strip,134008845,P,6.0,24,24,24,,,0,0,0,False,,,0
USO,157,2020-05-18,2020-06-19,strip,134231236,C,24.5,24,24,24,,,0,0,0,False,,,0
USO,157,2020-05-18,2020-06-19,strip,134231237,C,25.5,24,24,24,,,0,0,0,False,,,0
USO,157,2020-05-18,2020-06-19,strip,134231238,C,26.5,24,24,24,,,0,0,0,False,,,0
USO,157,2020-05-18,2020-06-19,strip,134231239,P,23.5,24,24,24,,,0,0,0,False,,,0
USO,158,2020-06-22,2020-07-17,straddle,133993758,C,29.0,19,19,19,,,0,0,0,False,,,0
USO,158,2020-06-22,2020-07-17,straddle,133993768,P,29.0,19,19,19,,,0,0,0,False,,,0
USO,158,2020-06-22,2020-07-17,strip,133973756,P,12.0,19,19,19,,,0,0,0,False,,,0
USO,158,2020-06-22,2020-07-17,strip,133973762,P,15.0,19,19,19,,,0,0,0,False,,,0
USO,158,2020-06-22,2020-07-17,strip,133973764,P,16.0,19,19,19,,,0,0,0,False,,,0
USO,158,2020-06-22,2020-07-17,strip,133973765,P,16.5,19,19,19,,,0,0,0,False,,,0
USO,158,2020-06-22,2020-07-17,strip,133973766,P,17.0,19,19,19,,,0,0,0,False,,,0
USO,158,2020-06-22,2020-07-17,strip,133973767,P,17.5,19,19,19,,,0,0,0,False,,,0
USO,158,2020-06-22,2020-07-17,strip,133973768,P,18.0,19,19,19,,,0,0,0,False,,,0
USO,158,2020-06-22,2020-07-17,strip,133973769,P,18.5,19,19,19,,,0,0,0,False,,,0
USO,158,2020-06-22,2020-07-17,strip,133973770,P,19.0,19,19,19,,,0,0,0,False,,,0
USO,158,2020-06-22,2020-07-17,strip,133973771,P,19.5,19,19,19,,,0,0,0,False,,,0
USO,158,2020-06-22,2020-07-17,strip,133973772,P,20.0,19,19,19,,,0,0,0,False,,,0
USO,158,2020-06-22,2020-07-17,strip,133973773,P,20.5,19,19,19,,,0,0,0,False,,,0
USO,158,2020-06-22,2020-07-17,strip,133973774,P,21.0,19,19,19,,,0,0,0,False,,,0
USO,158,2020-06-22,2020-07-17,strip,133973775,P,21.5,19,19,19,,,0,0,0,False,,,0
USO,158,2020-06-22,2020-07-17,strip,133973776,P,22.0,19,19,19,,,0,0,0,False,,,0
USO,158,2020-06-22,2020-07-17,strip,133973777,P,22.5,19,19,19,,,0,0,0,False,,,0
USO,158,2020-06-22,2020-07-17,strip,133973778,P,23.0,19,19,19,,,0,0,0,False,,,0
USO,158,2020-06-22,2020-07-17,strip,133973779,P,24.0,19,19,19,,,0,0,0,False,,,0
USO,158,2020-06-22,2020-07-17,strip,133973780,P,25.0,19,19,19,,,0,0,0,False,,,0
USO,158,2020-06-22,2020-07-17,strip,133993758,C,29.0,19,19,19,,,0,0,0,False,,,0
USO,158,2020-06-22,2020-07-17,strip,133993759,C,30.0,19,19,19,,,0,0,0,False,,,0
USO,158,2020-06-22,2020-07-17,strip,133993760,C,31.0,19,19,19,,,0,0,0,False,,,0
USO,158,2020-06-22,2020-07-17,strip,133993761,C,32.0,19,19,19,,,0,0,0,False,,,0
USO,158,2020-06-22,2020-07-17,strip,133993762,C,33.0,19,19,19,,,0,0,0,False,,,0
USO,158,2020-06-22,2020-07-17,strip,133993763,C,34.0,19,19,19,,,0,0,0,False,,,0
USO,158,2020-06-22,2020-07-17,strip,133993764,C,35.0,19,19,19,,,0,0,0,False,,,0
USO,158,2020-06-22,2020-07-17,strip,133993765,P,26.0,19,19,19,,,0,0,0,False,,,0
USO,158,2020-06-22,2020-07-17,strip,133993766,P,27.0,19,19,19,,,0,0,0,False,,,0
USO,158,2020-06-22,2020-07-17,strip,133993767,P,28.0,19,19,19,,,0,0,0,False,,,0
USO,158,2020-06-22,2020-07-17,strip,134247239,C,36.0,19,19,19,,,0,0,0,False,,,0
USO,158,2020-06-22,2020-07-17,strip,134247240,C,37.0,19,19,19,,,0,0,0,False,,,0
USO,158,2020-06-22,2020-07-17,strip,134313772,C,40.0,19,19,19,,,0,0,0,False,,,0
USO,158,2020-06-22,2020-07-17,strip,134470432,C,38.0,19,19,19,,,0,0,0,False,,,0
USO,158,2020-06-22,2020-07-17,strip,134470433,C,39.0,19,19,19,,,0,0,0,False,,,0
USO,158,2020-06-22,2020-07-17,strip,134470434,C,41.0,19,19,19,,,0,0,0,False,,,0
USO,158,2020-06-22,2020-07-17,strip,134575182,C,42.0,19,19,19,,,0,0,0,False,,,0
USO,158,2020-06-22,2020-07-17,strip,134769235,C,28.5,19,19,19,,,0,0,0,False,,,0
USO,158,2020-06-22,2020-07-17,strip,134769236,C,29.5,19,19,19,,,0,0,0,False,,,0
USO,158,2020-06-22,2020-07-17,strip,134769237,C,30.5,19,19,19,,,0,0,0,False,,,0
USO,158,2020-06-22,2020-07-17,strip,134769238,C,31.5,19,19,19,,,0,0,0,False,,,0
USO,158,2020-06-22,2020-07-17,strip,134769239,C,32.5,19,19,19,,,0,0,0,False,,,0
USO,158,2020-06-22,2020-07-17,strip,134769240,C,33.5,19,19,19,,,0,0,0,False,,,0
USO,158,2020-06-22,2020-07-17,strip,134769241,C,34.5,19,19,19,,,0,0,0,False,,,0
USO,158,2020-06-22,2020-07-17,strip,134769242,P,23.5,19,19,19,,,0,0,0,False,,,0
USO,158,2020-06-22,2020-07-17,strip,134769243,P,24.5,19,19,19,,,0,0,0,False,,,0
USO,158,2020-06-22,2020-07-17,strip,134769244,P,25.5,19,19,19,,,0,0,0,False,,,0
USO,158,2020-06-22,2020-07-17,strip,134769245,P,26.5,19,19,19,,,0,0,0,False,,,0
USO,158,2020-06-22,2020-07-17,strip,134769246,P,27.5,19,19,19,,,0,0,0,False,,,0
USO,158,2020-06-22,2020-07-17,strip,134769247,P,28.5,19,19,19,,,0,0,0,False,,,0
