entry,gated,funds,cumulative,series
2007-06-18,0.04995243564581328,2,0.04995243564581328,unconditional
2007-07-23,-0.44766411004040363,1,-0.3977116743945903,unconditional
2007-08-20,0.41462804302899314,1,0.016916368634402823,unconditional
2007-09-24,0.09728378472048609,1,0.11420015335488891,unconditional
2007-11-19,0.06998317224297299,2,0.18418332559786188,unconditional
2007-12-24,0.13942228177321125,1,0.32360560737107313,unconditional
2008-03-24,0.22738283867240006,2,0.5509884460434732,unconditional
2008-04-21,0.18097633802008717,2,0.7319647840635604,unconditional
2008-05-19,-0.1403680306012962,2,0.5915967534622641,unconditional
2008-06-23,-0.13814414141634215,3,0.453452612045922,unconditional
2008-07-21,0.02184818826986551,2,0.47530080031578753,unconditional
2008-08-18,-0.7609517317189296,2,-0.28565093140314207,unconditional
2008-09-22,-0.18852925431359088,3,-0.4741801857167329,unconditional
2008-10-20,-0.21127679197318402,2,-0.685456977689917,unconditional
2008-11-24,0.21326642938559862,3,-0.4721905483043184,unconditional
2008-12-22,0.36585099823103906,2,-0.10633955007327933,unconditional
2009-01-20,0.3800517416196436,2,0.2737121915463643,unconditional
2009-02-23,0.12136890061546886,2,0.3950810921618331,unconditional
2009-03-23,0.42121968519054087,2,0.816300777352374,unconditional
2009-04-20,0.5395293779861171,2,1.355830155338491,unconditional
2009-05-18,0.22656633707988488,2,1.582396492418376,unconditional
2009-06-22,0.4591458290779607,2,2.041542321496337,unconditional
2009-07-20,0.12394805691015297,2,2.16549037840649,unconditional
2009-08-24,0.37642030765634155,2,2.5419106860628315,unconditional
2009-09-21,0.22759582698956765,2,2.769506513052399,unconditional
2009-10-19,0.2598682218714131,2,3.0293747349238123,unconditional
2009-11-23,0.16214371186792728,2,3.1915184467917395,unconditional
2009-12-21,0.49402737685762665,2,3.685545823649366,unconditional
2010-01-19,-0.330278950674622,2,3.355266872974744,unconditional
2010-02-22,0.4395650289099384,2,3.7948319018846823,unconditional
2010-03-22,0.2517041449173585,2,4.046536046802041,unconditional
2010-04-19,-0.403906325211251,2,3.64262972159079,unconditional
2010-05-24,0.37716293504401865,2,4.019792656634809,unconditional
2010-06-21,0.17773123162151652,2,4.197523888256325,unconditional
2010-07-19,0.4694155667370595,2,4.6669394549933845,unconditional
2010-08-23,0.5112193819153276,1,5.178158836908712,unconditional
2010-09-20,0.26519774783497274,2,5.443356584743684,unconditional
2010-10-18,-0.10533039649626787,2,5.338026188247416,unconditional
2010-11-22,0.37704768103072045,2,5.715073869278137,unconditional
2010-12-20,0.3707080726538889,3,6.085781941932026,unconditional
2011-01-24,0.10863696722300542,3,6.194418909155031,unconditional
2011-02-22,0.17459343207029487,3,6.369012341225326,unconditional
2011-03-21,0.4280813668619614,3,6.797093708087287,unconditional
2011-04-18,-1.107842650106995,3,5.689251057980292,unconditional
2011-05-23,0.4671792126942879,3,6.15643027067458,unconditional
2011-06-20,0.22561338339612672,3,6.382043654070706,unconditional
2011-07-18,-0.6128805402056304,3,5.769163113865076,unconditional
2011-08-22,0.31807214650762705,3,6.087235260372704,unconditional
2011-09-19,-0.4496322040227932,3,5.63760305634991,unconditional
2011-10-24,0.2243007101337332,3,5.8619037664836435,unconditional
2011-11-21,0.38116751861090165,3,6.243071285094545,unconditional
2011-12-19,0.36162696672843464,3,6.604698251822979,unconditional
2012-01-23,0.5173217969035137,3,7.122020048726493,unconditional
2012-02-21,-0.1848922524539811,3,6.937127796272512,unconditional
2012-03-19,0.28897873087706666,3,7.226106527149579,unconditional
2012-04-23,0.261284741198551,3,7.48739126834813,unconditional
2012-05-21,0.23417688134026818,3,7.721568149688398,unconditional
2012-06-18,0.09411205850650975,4,7.815680208194908,unconditional
2012-07-23,0.47926878793617933,4,8.294948996131087,unconditional
2012-08-20,0.015094665999659676,3,8.310043662130747,unconditional
2012-09-24,0.4624105572366992,3,8.772454219367447,unconditional
2012-10-22,0.2549247171183851,3,9.027378936485832,unconditional
2012-11-19,0.4066952269035098,3,9.434074163389342,unconditional
2012-12-24,0.45578594618466745,3,9.889860109574009,unconditional
2013-01-22,0.3632061453928788,3,10.253066254966887,unconditional
2013-02-19,0.42768348812799717,2,10.680749743094884,unconditional
2013-03-18,-3.091401418699401,3,7.589348324395482,unconditional
2013-04-22,0.13049262623156666,3,7.719840950627049,unconditional
2013-05-20,0.14848723456408564,3,7.868328185191134,unconditional
2013-06-24,0.046159368148342005,3,7.914487553339477,unconditional
2013-07-22,0.2334141929113953,3,8.147901746250872,unconditional
2013-08-19,0.026279484631280083,2,8.174181230882152,unconditional
2013-09-23,0.38114546472140914,3,8.555326695603561,unconditional
2013-10-21,0.5072475042180429,3,9.062574199821604,unconditional
2013-11-18,0.11248176726579706,3,9.1750559670874,unconditional
2013-12-23,0.1260563760719937,2,9.301112343159394,unconditional
2014-01-21,0.0631478724058119,3,9.364260215565206,unconditional
2014-02-24,0.21874393142496076,4,9.583004146990167,unconditional
2014-03-24,0.5586870007269042,3,10.14169114771707,unconditional
2014-04-21,0.5161400581466031,2,10.657831205863673,unconditional
2014-05-19,0.22764206939761,3,10.885473275261283,unconditional
2014-06-23,0.18424565815421176,3,11.069718933415494,unconditional
2014-07-21,0.27594562161710556,3,11.3456645550326,unconditional
2014-08-18,0.19500062258161643,3,11.540665177614217,unconditional
2014-09-22,0.11709014572663586,3,11.657755323340853,unconditional
2014-10-20,-0.04860313391590265,4,11.60915218942495,unconditional
2014-11-24,-0.8269641600440746,3,10.782188029380876,unconditional
2014-12-22,-0.012327945453763617,4,10.769860083927112,unconditional
2015-01-20,0.26317533480529215,4,11.033035418732403,unconditional
2015-02-23,0.46959065395751903,3,11.502626072689923,unconditional
2015-03-23,0.04912479175102222,2,11.551750864440946,unconditional
2015-04-20,0.09940600031896277,2,11.651156864759908,unconditional
2015-05-18,0.40591403433794326,3,12.057070899097852,unconditional
2015-06-22,0.158917098313065,2,12.215987997410917,unconditional
2015-07-20,0.3772564637710831,3,12.593244461182,unconditional
2015-08-24,-0.03095691532008793,2,12.562287545861912,unconditional
2015-09-21,0.11695644237682136,2,12.679243988238733,unconditional
2015-10-19,0.34297398442655574,2,13.022217972665288,unconditional
2015-11-23,0.11016102262225845,2,13.132378995287546,unconditional
2015-12-21,0.08138339134072178,1,13.213762386628268,unconditional
2016-01-19,-0.9015841727791885,1,12.31217821384908,unconditional
2016-02-22,0.488859655535264,1,12.801037869384345,unconditional
2016-03-21,0.008925836464400067,2,12.809963705848745,unconditional
2016-04-18,0.20894669303884403,2,13.018910398887588,unconditional
2016-05-23,0.054858170137102986,1,13.073768569024692,unconditional
2016-06-20,0.010302515028247701,2,13.084071084052939,unconditional
2016-07-18,0.2405601199924043,2,13.324631204045343,unconditional
2016-08-22,0.4239255243169965,1,13.748556728362338,unconditional
2016-09-19,0.11895766975180258,1,13.86751439811414,unconditional
2016-10-24,-0.03997131801002689,1,13.827543080104114,unconditional
2016-11-21,0.2591339697856631,1,14.086677049889778,unconditional
2016-12-19,0.48092491790029873,1,14.567601967790075,unconditional
2017-01-23,0.42884910010849386,1,14.996451067898569,unconditional
2017-02-21,0.22901484676650447,1,15.225465914665074,unconditional
2017-03-20,0.46867208415967515,1,15.694137998824749,unconditional
2017-04-24,-0.19662083318843973,1,15.497517165636308,unconditional
2017-05-22,0.4135755530768776,1,15.911092718713187,unconditional
2017-06-19,0.1135961079305731,1,16.02468882664376,unconditional
2017-07-24,0.3168219559913081,1,16.34151078263507,unconditional
2017-08-21,0.11490098834031419,1,16.456411770975382,unconditional
2017-09-18,0.22958447515847902,1,16.68599624613386,unconditional
2017-10-23,0.3609595249943011,1,17.04695577112816,unconditional
2017-11-20,0.3808561206086199,1,17.42781189173678,unconditional
2017-12-18,0.07444359885794945,1,17.50225549059473,unconditional
2018-01-22,-0.190432320285394,1,17.31182317030934,unconditional
2018-02-20,0.6013153536867277,2,17.913138523996068,unconditional
2018-03-19,-0.3902591741554865,1,17.522879349840583,unconditional
2018-04-23,0.290999764541583,1,17.813879114382164,unconditional
2018-05-21,0.478896953140568,1,18.29277606752273,unconditional
2018-06-18,0.009909477368726268,1,18.302685544891457,unconditional
2018-07-23,0.04376833420980124,1,18.346453879101258,unconditional
2018-08-20,0.34648187040102496,1,18.692935749502283,unconditional
2018-09-24,-0.5594085034975351,1,18.133527246004746,unconditional
2018-10-22,-0.7028405263720512,2,17.430686719632696,unconditional
2018-11-19,0.0896178438297601,2,17.520304563462457,unconditional
2018-12-24,0.27253272234380876,2,17.792837285806264,unconditional
2019-01-22,0.3179652202901061,2,18.11080250609637,unconditional
2019-02-19,-0.17714552378498333,1,17.933656982311387,unconditional
2019-03-18,0.03458110375843379,1,17.96823808606982,unconditional
2019-04-22,0.23554912427740907,1,18.20378721034723,unconditional
2019-05-20,-0.7823623118175199,1,17.42142489852971,unconditional
2019-06-24,0.08085854617720213,3,17.50228344470691,unconditional
2019-07-22,0.120920992437415,1,17.623204437144327,unconditional
2019-08-19,0.04276451750532374,2,17.66596895464965,unconditional
2019-09-23,0.23457027141860423,3,17.900539226068254,unconditional
2019-10-21,0.3436416562911983,1,18.24418088235945,unconditional
2019-11-18,0.31848406911456023,3,18.562664951474012,unconditional
2019-12-23,0.48073607352225967,2,19.04340102499627,unconditional
2020-01-21,0.09982190498636422,1,19.143222929982635,unconditional
2020-02-24,-2.4639914766701305,1,16.679231453312504,unconditional
2020-03-23,0.570570018239175,3,17.249801471551677,unconditional
2020-04-20,0.4555316512589947,3,17.70533312281067,unconditional
2020-05-18,0.5850986933040407,4,18.29043181611471,unconditional
2020-06-22,0.45393230217238295,4,18.744364118287095,unconditional
2020-07-20,-1.6411611265448134,4,17.103202991742283,unconditional
2020-08-24,0.26293724666685714,4,17.36614023840914,unconditional
2020-09-21,0.07913251460646968,4,17.44527275301561,unconditional
2020-10-19,0.24832106463461348,4,17.693593817650225,unconditional
2020-11-23,0.27148177440872956,3,17.965075592058955,unconditional
2020-12-21,0.20494333071415502,3,18.17001892277311,unconditional
2021-01-19,0.17156702237045132,3,18.34158594514356,unconditional
2021-02-22,0.20446179144452334,3,18.546047736588083,unconditional
2021-03-22,0.09243698870394616,3,18.638484725292027,unconditional
2021-04-19,0.29999661259905347,3,18.93848133789108,unconditional
2021-05-24,0.32723620071973136,3,19.26571753861081,unconditional
2021-06-21,0.6271981623018545,3,19.892915700912667,unconditional
2021-07-19,0.35545869657685175,3,20.248374397489517,unconditional
2021-08-23,0.12143518701146798,3,20.369809584500985,unconditional
2021-09-20,0.10344915950899887,4,20.473258744009982,unconditional
2021-10-18,0.38786977311456644,4,20.86112851712455,unconditional
2021-11-22,-0.11072827311351745,3,20.750400244011033,unconditional
2021-12-20,0.1730173573505418,4,20.923417601361574,unconditional
2022-01-24,0.013876208057280376,4,20.937293809418854,unconditional
2022-02-22,-0.35651781426346796,4,20.580775995155385,unconditional
2022-03-21,0.4658917218078581,4,21.046667716963242,unconditional
2022-04-18,0.04805409908452884,3,21.09472181604777,unconditional
2022-05-23,0.31432624281840976,3,21.40904805886618,unconditional
2022-06-21,-0.08161398663887212,4,21.32743407222731,unconditional
2022-07-18,0.36628208497293685,4,21.693716157200246,unconditional
2022-08-22,0.17280925585075071,3,21.866525413050997,unconditional
2022-09-19,-0.022019799382307123,4,21.84450561366869,unconditional
2022-10-24,0.06076575098284215,3,21.905271364651533,unconditional
2022-11-21,0.20799116474880847,4,22.11326252940034,unconditional
2022-12-19,0.16624732458354183,4,22.279509853983882,unconditional
2023-01-23,0.228835183909955,4,22.508345037893836,unconditional
2023-02-21,-0.554890506057259,3,21.953454531836577,unconditional
2023-03-20,0.4560175003142262,3,22.409472032150802,unconditional
2023-04-24,0.018108545691335947,3,22.42758057784214,unconditional
2023-05-22,0.22193480956343511,3,22.649515387405575,unconditional
2023-06-20,0.3009239005192544,3,22.95043928792483,unconditional
2023-07-24,0.24836170585062178,3,23.198800993775453,unconditional
2023-08-21,0.307442679922162,3,23.506243673697615,unconditional
2023-09-18,-0.7211953890958954,3,22.785048284601718,unconditional
2023-10-23,0.32142510915107064,3,23.10647339375279,unconditional
2023-11-20,-0.44211417198378405,3,22.664359221769004,unconditional
2023-12-18,0.4209070095683582,3,23.08526623133736,unconditional
2024-01-22,0.2262302282439672,3,23.311496459581328,unconditional
2024-02-20,0.05116812755703421,3,23.36266458713836,unconditional
2024-03-18,0.260484096663561,4,23.623148683801922,unconditional
2024-04-22,0.0630517845063164,4,23.68620046830824,unconditional
2024-05-20,-0.30763770850565314,4,23.378562759802588,unconditional
2024-06-24,0.12594093092017267,4,23.50450369072276,unconditional
2024-07-22,-0.2197043814979556,4,23.284799309224805,unconditional
2024-08-19,0.1639319069838317,4,23.448731216208635,unconditional
2024-09-23,0.006312211482208674,4,23.455043427690843,unconditional
2024-10-21,0.11374383789773937,4,23.568787265588583,unconditional
2024-11-18,0.23489324084406807,4,23.803680506432652,unconditional
2024-12-23,0.06835748150248086,4,23.872037987935133,unconditional
2025-01-21,0.29430687309000314,4,24.166344861025138,unconditional
2025-02-24,0.1985578465621515,4,24.36490270758729,unconditional
2025-03-24,-1.626735519978661,4,22.73816718760863,unconditional
2025-04-21,0.24489361970088064,3,22.983060807309514,unconditional
2025-05-19,0.019817210441359877,3,23.002878017750874,unconditional
2025-06-23,0.45464607929361495,4,23.457524097044487,unconditional
2025-07-21,0.24069944011717326,3,23.69822353716166,unconditional
2007-06-18,0.04995243564581328,2,0.04995243564581328,O1 gate
2007-07-23,-0.44766411004040363,1,-0.3977116743945903,O1 gate
2007-08-20,0.41462804302899314,1,0.016916368634402823,O1 gate
2007-09-24,0.09728378472048609,1,0.11420015335488891,O1 gate
2007-11-19,0.06998317224297299,2,0.18418332559786188,O1 gate
2007-12-24,0.13942228177321125,1,0.32360560737107313,O1 gate
2008-03-24,0.22738283867240006,2,0.5509884460434732,O1 gate
2008-04-21,0.18097633802008717,2,0.7319647840635604,O1 gate
2008-05-19,-0.1403680306012962,2,0.5915967534622641,O1 gate
2008-06-23,-0.13814414141634215,3,0.453452612045922,O1 gate
2008-07-21,0.02184818826986551,2,0.47530080031578753,O1 gate
2008-08-18,-0.7609517317189296,2,-0.28565093140314207,O1 gate
2008-09-22,-0.18852925431359088,3,-0.4741801857167329,O1 gate
2008-10-20,-0.21127679197318402,2,-0.685456977689917,O1 gate
2008-11-24,0.21326642938559862,3,-0.4721905483043184,O1 gate
2008-12-22,0.36585099823103906,2,-0.10633955007327933,O1 gate
2009-01-20,0.3800517416196436,2,0.2737121915463643,O1 gate
2009-02-23,0.12136890061546886,2,0.3950810921618331,O1 gate
2009-03-23,0.42121968519054087,2,0.816300777352374,O1 gate
2009-04-20,0.5395293779861171,2,1.355830155338491,O1 gate
2009-05-18,0.22656633707988488,2,1.582396492418376,O1 gate
2009-06-22,0.4591458290779607,2,2.041542321496337,O1 gate
2009-07-20,0.12394805691015297,2,2.16549037840649,O1 gate
2009-08-24,0.37642030765634155,2,2.5419106860628315,O1 gate
2009-09-21,0.22759582698956765,2,2.769506513052399,O1 gate
2009-10-19,0.2598682218714131,2,3.0293747349238123,O1 gate
2009-11-23,0.16214371186792728,2,3.1915184467917395,O1 gate
2009-12-21,0.49402737685762665,2,3.685545823649366,O1 gate
2010-01-19,-0.330278950674622,2,3.355266872974744,O1 gate
2010-02-22,0.4395650289099384,2,3.7948319018846823,O1 gate
2010-03-22,0.2517041449173585,2,4.046536046802041,O1 gate
2010-04-19,-0.403906325211251,2,3.64262972159079,O1 gate
2010-05-24,0.37716293504401865,2,4.019792656634809,O1 gate
2010-06-21,0.05671042413926818,2,4.076503080774077,O1 gate
2010-07-19,0.4694155667370595,2,4.545918647511137,O1 gate
2010-08-23,0.5112193819153276,1,5.057138029426464,O1 gate
2010-09-20,0.1339343174786005,2,5.191072346905065,O1 gate
2010-10-18,-0.10533039649626787,2,5.085741950408797,O1 gate
2010-11-22,0.37704768103072045,2,5.4627896314395175,O1 gate
2010-12-20,0.3707080726538889,3,5.833497704093406,O1 gate
2011-01-24,0.10863696722300542,3,5.942134671316412,O1 gate
2011-02-22,0.17459343207029487,3,6.1167281033867065,O1 gate
2011-03-21,0.2637040962018688,3,6.380432199588575,O1 gate
2011-04-18,-1.107842650106995,3,5.27258954948158,O1 gate
2011-05-23,0.34659800818116954,3,5.61918755766275,O1 gate
2011-06-20,0.22561338339612672,3,5.844800941058876,O1 gate
2011-07-18,-0.6128805402056304,3,5.231920400853246,O1 gate
2011-08-22,0.11120572581014408,3,5.343126126663391,O1 gate
2011-09-19,-0.45881228955109804,3,4.884313837112293,O1 gate
2011-10-24,0.05647291558597756,3,4.940786752698271,O1 gate
2011-11-21,0.38116751861090165,3,5.321954271309172,O1 gate
2011-12-19,0.17710973041484948,3,5.4990640017240215,O1 gate
2012-01-23,0.2496611618136558,3,5.748725163537677,O1 gate
2012-02-21,0.08540604973187893,3,5.834131213269556,O1 gate
2012-03-19,0.1350371479032856,3,5.969168361172842,O1 gate
2012-04-23,0.2371143284686538,3,6.206282689641496,O1 gate
2012-05-21,0.23417688134026818,3,6.440459570981764,O1 gate
2012-06-18,-0.06683965698842495,4,6.3736199139933385,O1 gate
2012-07-23,0.1861532286256776,4,6.559773142619016,O1 gate
2012-08-20,0.015094665999659676,3,6.574867808618675,O1 gate
2012-09-24,0.26635161137876356,3,6.841219419997439,O1 gate
2012-10-22,0.1348689631491629,3,6.976088383146602,O1 gate
2012-11-19,0.0,3,6.976088383146602,O1 gate
2012-12-24,0.29738729370459704,3,7.2734756768511994,O1 gate
2013-01-22,0.1641277075445385,3,7.437603384395738,O1 gate
2013-02-19,0.42768348812799717,2,7.865286872523734,O1 gate
2013-03-18,-1.3281134337113507,3,6.537173438812384,O1 gate
2013-04-22,0.0,3,6.537173438812384,O1 gate
2013-05-20,0.03899591549818842,3,6.576169354310572,O1 gate
2013-06-24,0.0,3,6.576169354310572,O1 gate
2013-07-22,0.1105408505114267,3,6.686710204821999,O1 gate
2013-08-19,0.07951650693152465,2,6.766226711753523,O1 gate
2013-09-23,0.0,3,6.766226711753523,O1 gate
2013-10-21,0.32466331774073415,3,7.090890029494258,O1 gate
2013-11-18,0.11248176726579706,3,7.203371796760055,O1 gate
2013-12-23,0.0,2,7.203371796760055,O1 gate
2014-01-21,0.0827405187933207,3,7.286112315553376,O1 gate
2014-02-24,0.0028597376582109083,4,7.2889720532115865,O1 gate
2014-03-24,0.40395648629794945,3,7.692928539509536,O1 gate
2014-04-21,0.5161400581466031,2,8.209068597656138,O1 gate
2014-05-19,0.22764206939761,3,8.436710667053749,O1 gate
2014-06-23,0.07937900051449066,3,8.51608966756824,O1 gate
2014-07-21,0.12454462250647867,3,8.640634290074718,O1 gate
2014-08-18,0.19500062258161643,3,8.835634912656335,O1 gate
2014-09-22,0.3516288838924864,3,9.187263796548821,O1 gate
2014-10-20,-0.1191852009915228,4,9.0680785955573,O1 gate
2014-11-24,-0.328439998489916,3,8.739638597067383,O1 gate
2014-12-22,0.0,4,8.739638597067383,O1 gate
2015-01-20,0.080860988828739,4,8.820499585896123,O1 gate
2015-02-23,0.0,3,8.820499585896123,O1 gate
2015-03-23,0.18425889383240554,2,9.004758479728528,O1 gate
2015-04-20,0.0,2,9.004758479728528,O1 gate
2015-05-18,-0.001936845930540587,3,9.002821633797987,O1 gate
2015-06-22,0.30461529998765297,2,9.30743693378564,O1 gate
2015-07-20,0.3637408485309752,3,9.671177782316615,O1 gate
2015-08-24,-0.03095691532008793,2,9.640220866996527,O1 gate
2015-09-21,-0.09842117279523134,2,9.541799694201297,O1 gate
2015-10-19,0.08005809409052367,2,9.62185778829182,O1 gate
2015-11-23,0.11016102262225845,2,9.732018810914077,O1 gate
2015-12-21,0.0,1,9.732018810914077,O1 gate
2016-01-19,0.0,1,9.732018810914077,O1 gate
2016-02-22,0.0,1,9.732018810914077,O1 gate
2016-03-21,0.0,2,9.732018810914077,O1 gate
2016-04-18,0.0,2,9.732018810914077,O1 gate
2016-05-23,0.0,1,9.732018810914077,O1 gate
2016-06-20,0.010302515028247701,2,9.742321325942324,O1 gate
2016-07-18,0.0,2,9.742321325942324,O1 gate
2016-08-22,0.4239255243169965,1,10.16624685025932,O1 gate
2016-09-19,0.11895766975180258,1,10.285204520011122,O1 gate
2016-10-24,0.0,1,10.285204520011122,O1 gate
2016-11-21,0.0,1,10.285204520011122,O1 gate
2016-12-19,0.0,1,10.285204520011122,O1 gate
2017-01-23,0.42884910010849386,1,10.714053620119616,O1 gate
2017-02-21,0.22901484676650447,1,10.943068466886121,O1 gate
2017-03-20,0.0,1,10.943068466886121,O1 gate
2017-04-24,-0.19662083318843973,1,10.74644763369768,O1 gate
2017-05-22,0.0,1,10.74644763369768,O1 gate
2017-06-19,0.1135961079305731,1,10.860043741628253,O1 gate
2017-07-24,0.0,1,10.860043741628253,O1 gate
2017-08-21,0.11490098834031419,1,10.974944729968568,O1 gate
2017-09-18,0.0,1,10.974944729968568,O1 gate
2017-10-23,0.0,1,10.974944729968568,O1 gate
2017-11-20,0.3808561206086199,1,11.355800850577188,O1 gate
2017-12-18,0.0,1,11.355800850577188,O1 gate
2018-01-22,-0.190432320285394,1,11.165368530291794,O1 gate
2018-02-20,0.0,2,11.165368530291794,O1 gate
2018-03-19,-0.3902591741554865,1,10.775109356136307,O1 gate
2018-04-23,0.0,1,10.775109356136307,O1 gate
2018-05-21,0.478896953140568,1,11.254006309276875,O1 gate
2018-06-18,0.009909477368726268,1,11.263915786645601,O1 gate
2018-07-23,0.04376833420980124,1,11.307684120855402,O1 gate
2018-08-20,0.0,1,11.307684120855402,O1 gate
2018-09-24,0.0,1,11.307684120855402,O1 gate
2018-10-22,-0.8291177385945787,2,10.478566382260823,O1 gate
2018-11-19,0.0896178438297601,2,10.568184226090583,O1 gate
2018-12-24,0.36969634009511027,2,10.937880566185694,O1 gate
2019-01-22,0.0,2,10.937880566185694,O1 gate
2019-02-19,0.0,1,10.937880566185694,O1 gate
2019-03-18,0.0,1,10.937880566185694,O1 gate
2019-04-22,0.0,1,10.937880566185694,O1 gate
2019-05-20,-0.7823623118175199,1,10.155518254368173,O1 gate
2019-06-24,-0.058307717996804474,3,10.09721053637137,O1 gate
2019-07-22,0.0,1,10.09721053637137,O1 gate
2019-08-19,0.08159033354870286,2,10.178800869920073,O1 gate
2019-09-23,0.11816747262492062,3,10.296968342544993,O1 gate
2019-10-21,0.0,1,10.296968342544993,O1 gate
2019-11-18,0.13401030679805842,3,10.430978649343052,O1 gate
2019-12-23,0.16684459871030208,2,10.597823248053354,O1 gate
2020-01-21,0.0,1,10.597823248053354,O1 gate
2020-02-24,-2.4639914766701305,1,8.133831771383223,O1 gate
2020-03-23,0.3623192256237839,3,8.496150997007007,O1 gate
2020-04-20,0.0,3,8.496150997007007,O1 gate
2020-05-18,0.24480371849561,4,8.740954715502617,O1 gate
2020-06-22,0.45393230217238295,4,9.194887017675,O1 gate
2020-07-20,-1.4778960079900154,4,7.716991009684985,O1 gate
2020-08-24,-0.0881177271102094,4,7.628873282574776,O1 gate
2020-09-21,0.07913251460646968,4,7.7080057971812455,O1 gate
2020-10-19,0.049143052542107754,4,7.757148849723353,O1 gate
2020-11-23,0.0,3,7.757148849723353,O1 gate
2020-12-21,0.2072658315723076,3,7.96441468129566,O1 gate
2021-01-19,0.08671983404093782,3,8.051134515336598,O1 gate
2021-02-22,0.0016897135919041923,3,8.052824228928502,O1 gate
2021-03-22,0.17155742412803923,3,8.224381653056541,O1 gate
2021-04-19,0.10447125004710733,3,8.328852903103648,O1 gate
2021-05-24,0.11805191910808881,3,8.446904822211737,O1 gate
2021-06-21,0.3967825940224676,3,8.843687416234204,O1 gate
2021-07-19,0.35545869657685175,3,9.199146112811055,O1 gate
2021-08-23,0.0,3,9.199146112811055,O1 gate
2021-09-20,-0.004220046316591022,4,9.194926066494464,O1 gate
2021-10-18,0.2899630013412471,4,9.484889067835711,O1 gate
2021-11-22,-0.11072827311351745,3,9.374160794722194,O1 gate
2021-12-20,0.1820257555933974,4,9.55618655031559,O1 gate
2022-01-24,0.24572243545852512,4,9.801908985774116,O1 gate
2022-02-22,-0.4489543636197944,4,9.352954622154321,O1 gate
2022-03-21,0.2044450530927613,4,9.557399675247083,O1 gate
2022-04-18,0.03256732231150956,3,9.589966997558593,O1 gate
2022-05-23,0.059034433517847006,3,9.64900143107644,O1 gate
2022-06-21,-0.06446145476466203,4,9.584539976311778,O1 gate
2022-07-18,0.12055474229730992,4,9.705094718609088,O1 gate
2022-08-22,0.16404359972215277,3,9.86913831833124,O1 gate
2022-09-19,0.1757128766425644,4,10.044851194973804,O1 gate
2022-10-24,0.09946718880801175,3,10.144318383781815,O1 gate
2022-11-21,0.21673069746150125,4,10.361049081243317,O1 gate
2022-12-19,0.10098088338018812,4,10.462029964623506,O1 gate
2023-01-23,0.10747921407095627,4,10.569509178694462,O1 gate
2023-02-21,-0.3200543542356427,3,10.24945482445882,O1 gate
2023-03-20,0.1242814202855826,3,10.373736244744402,O1 gate
2023-04-24,0.06852806335956378,3,10.442264308103965,O1 gate
2023-05-22,0.27558272881002405,3,10.717847036913989,O1 gate
2023-06-20,0.0,3,10.717847036913989,O1 gate
2023-07-24,0.2455991753255293,3,10.963446212239518,O1 gate
2023-08-21,0.29551231060091204,3,11.25895852284043,O1 gate
2023-09-18,-0.6202011966706551,3,10.638757326169776,O1 gate
2023-10-23,0.0,3,10.638757326169776,O1 gate
2023-11-20,-0.5549630331227103,3,10.083794293047065,O1 gate
2023-12-18,0.0,3,10.083794293047065,O1 gate
2024-01-22,0.2262302282439672,3,10.310024521291032,O1 gate
2024-02-20,0.05116812755703421,3,10.361192648848066,O1 gate
2024-03-18,0.14119404346084619,4,10.502386692308912,O1 gate
2024-04-22,0.06640540627778159,4,10.568792098586693,O1 gate
2024-05-20,-0.0015119731313601775,4,10.567280125455333,O1 gate
2024-06-24,0.0,4,10.567280125455333,O1 gate
2024-07-22,-0.038614218616963875,4,10.52866590683837,O1 gate
2024-08-19,0.05732876203307905,4,10.585994668871448,O1 gate
2024-09-23,0.19743273793224436,4,10.783427406803693,O1 gate
2024-10-21,0.11374383789773937,4,10.897171244701433,O1 gate
2024-11-18,0.05179948212926957,4,10.948970726830701,O1 gate
2024-12-23,-0.12449936626580188,4,10.8244713605649,O1 gate
2025-01-21,0.13166967052142045,4,10.95614103108632,O1 gate
2025-02-24,0.19346222162556748,4,11.149603252711888,O1 gate
2025-03-24,-0.9539007545840008,4,10.195702498127886,O1 gate
2025-04-21,0.0,3,10.195702498127886,O1 gate
2025-05-19,0.0,3,10.195702498127886,O1 gate
2025-06-23,0.09546862439720633,4,10.291171122525093,O1 gate
2025-07-21,0.18531471690993326,3,10.476485839435027,O1 gate
2007-06-18,0.04995243564581328,2,0.04995243564581328,O2 gate
2007-07-23,-0.44766411004040363,1,-0.3977116743945903,O2 gate
2007-08-20,0.41462804302899314,1,0.016916368634402823,O2 gate
2007-09-24,0.09728378472048609,1,0.11420015335488891,O2 gate
2007-11-19,0.06998317224297299,2,0.18418332559786188,O2 gate
2007-12-24,0.13942228177321125,1,0.32360560737107313,O2 gate
2008-03-24,0.22738283867240006,2,0.5509884460434732,O2 gate
2008-04-21,0.18097633802008717,2,0.7319647840635604,O2 gate
2008-05-19,-0.1403680306012962,2,0.5915967534622641,O2 gate
2008-06-23,-0.13814414141634215,3,0.453452612045922,O2 gate
2008-07-21,0.02184818826986551,2,0.47530080031578753,O2 gate
2008-08-18,-0.7609517317189296,2,-0.28565093140314207,O2 gate
2008-09-22,-0.18852925431359088,3,-0.4741801857167329,O2 gate
2008-10-20,-0.21127679197318402,2,-0.685456977689917,O2 gate
2008-11-24,0.21326642938559862,3,-0.4721905483043184,O2 gate
2008-12-22,0.36585099823103906,2,-0.10633955007327933,O2 gate
2009-01-20,0.3800517416196436,2,0.2737121915463643,O2 gate
2009-02-23,0.12136890061546886,2,0.3950810921618331,O2 gate
2009-03-23,0.42121968519054087,2,0.816300777352374,O2 gate
2009-04-20,0.5395293779861171,2,1.355830155338491,O2 gate
2009-05-18,0.22656633707988488,2,1.582396492418376,O2 gate
2009-06-22,0.4591458290779607,2,2.041542321496337,O2 gate
2009-07-20,0.12394805691015297,2,2.16549037840649,O2 gate
2009-08-24,0.37642030765634155,2,2.5419106860628315,O2 gate
2009-09-21,0.22759582698956765,2,2.769506513052399,O2 gate
2009-10-19,0.2598682218714131,2,3.0293747349238123,O2 gate
2009-11-23,0.16214371186792728,2,3.1915184467917395,O2 gate
2009-12-21,0.49402737685762665,2,3.685545823649366,O2 gate
2010-01-19,-0.330278950674622,2,3.355266872974744,O2 gate
2010-02-22,0.4395650289099384,2,3.7948319018846823,O2 gate
2010-03-22,0.2517041449173585,2,4.046536046802041,O2 gate
2010-04-19,-0.403906325211251,2,3.64262972159079,O2 gate
2010-05-24,0.37716293504401865,2,4.019792656634809,O2 gate
2010-06-21,0.17773123162151652,2,4.197523888256325,O2 gate
2010-07-19,0.4694155667370595,2,4.6669394549933845,O2 gate
2010-08-23,0.5112193819153276,1,5.178158836908712,O2 gate
2010-09-20,0.26519774783497274,2,5.443356584743684,O2 gate
2010-10-18,-0.10533039649626787,2,5.338026188247416,O2 gate
2010-11-22,0.37704768103072045,2,5.715073869278137,O2 gate
2010-12-20,0.3707080726538889,3,6.085781941932026,O2 gate
2011-01-24,0.10863696722300542,3,6.194418909155031,O2 gate
2011-02-22,0.17459343207029487,3,6.369012341225326,O2 gate
2011-03-21,0.4280813668619614,3,6.797093708087287,O2 gate
2011-04-18,-1.107842650106995,3,5.689251057980292,O2 gate
2011-05-23,0.4671792126942879,3,6.15643027067458,O2 gate
2011-06-20,0.22561338339612672,3,6.382043654070706,O2 gate
2011-07-18,-0.6128805402056304,3,5.769163113865076,O2 gate
2011-08-22,0.35029973477360543,3,6.1194628486386815,O2 gate
2011-09-19,-0.4496322040227932,3,5.669830644615888,O2 gate
2011-10-24,0.2243007101337332,3,5.8941313547496215,O2 gate
2011-11-21,0.38116751861090165,3,6.275298873360523,O2 gate
2011-12-19,0.36162696672843464,3,6.636925840088957,O2 gate
2012-01-23,0.5173217969035137,3,7.154247636992471,O2 gate
2012-02-21,-0.1848922524539811,3,6.96935538453849,O2 gate
2012-03-19,0.28897873087706666,3,7.258334115415557,O2 gate
2012-04-23,0.261284741198551,3,7.519618856614108,O2 gate
2012-05-21,0.23417688134026818,3,7.753795737954376,O2 gate
2012-06-18,0.09411205850650975,4,7.847907796460886,O2 gate
2012-07-23,0.47926878793617933,4,8.327176584397066,O2 gate
2012-08-20,0.015094665999659676,3,8.342271250396726,O2 gate
2012-09-24,0.4624105572366992,3,8.804681807633425,O2 gate
2012-10-22,0.2549247171183851,3,9.05960652475181,O2 gate
2012-11-19,0.4066952269035098,3,9.46630175165532,O2 gate
2012-12-24,0.45578594618466745,3,9.922087697839988,O2 gate
2013-01-22,0.3632061453928788,3,10.285293843232866,O2 gate
2013-02-19,0.42768348812799717,2,10.712977331360863,O2 gate
2013-03-18,-3.091401418699401,3,7.621575912661461,O2 gate
2013-04-22,-0.06975899768065731,3,7.551816914980804,O2 gate
2013-05-20,0.08684915145893145,3,7.638666066439735,O2 gate
2013-06-24,0.03990042019676289,3,7.678566486636498,O2 gate
2013-07-22,0.2334141929113953,3,7.911980679547893,O2 gate
2013-08-19,0.026279484631280083,2,7.938260164179173,O2 gate
2013-09-23,0.17278539209420574,3,8.111045556273378,O2 gate
2013-10-21,0.5072475042180429,3,8.618293060491421,O2 gate
2013-11-18,0.11248176726579706,3,8.730774827757218,O2 gate
2013-12-23,0.1260563760719937,2,8.856831203829211,O2 gate
2014-01-21,0.0631478724058119,3,8.919979076235023,O2 gate
2014-02-24,0.07219745449866381,4,8.992176530733687,O2 gate
2014-03-24,0.5586870007269042,3,9.55086353146059,O2 gate
2014-04-21,0.5161400581466031,2,10.067003589607193,O2 gate
2014-05-19,0.22764206939761,3,10.294645659004804,O2 gate
2014-06-23,0.18424565815421176,3,10.478891317159015,O2 gate
2014-07-21,0.27594562161710556,3,10.754836938776121,O2 gate
2014-08-18,0.19500062258161643,3,10.949837561357738,O2 gate
2014-09-22,0.11709014572663586,3,11.066927707084373,O2 gate
2014-10-20,-0.04860313391590265,4,11.01832457316847,O2 gate
2014-11-24,-0.6684735044016429,3,10.349851068766828,O2 gate
2014-12-22,-0.006636222071047131,4,10.343214846695782,O2 gate
2015-01-20,0.0,4,10.343214846695782,O2 gate
2015-02-23,0.3002690469561322,3,10.643483893651913,O2 gate
2015-03-23,0.04912479175102222,2,10.692608685402936,O2 gate
2015-04-20,0.09940600031896277,2,10.792014685721899,O2 gate
2015-05-18,0.40591403433794326,3,11.197928720059842,O2 gate
2015-06-22,0.158917098313065,2,11.356845818372907,O2 gate
2015-07-20,0.3772564637710831,3,11.73410228214399,O2 gate
2015-08-24,-0.03095691532008793,2,11.703145366823902,O2 gate
2015-09-21,0.11695644237682136,2,11.820101809200724,O2 gate
2015-10-19,0.34297398442655574,2,12.163075793627279,O2 gate
2015-11-23,0.11016102262225845,2,12.273236816249536,O2 gate
2015-12-21,0.08138339134072178,1,12.354620207590258,O2 gate
2016-01-19,-0.9015841727791885,1,11.45303603481107,O2 gate
2016-02-22,0.488859655535264,1,11.941895690346335,O2 gate
2016-03-21,0.008925836464400067,2,11.950821526810735,O2 gate
2016-04-18,0.20894669303884403,2,12.159768219849578,O2 gate
2016-05-23,0.054858170137102986,1,12.214626389986682,O2 gate
2016-06-20,0.05503892498455552,2,12.269665314971238,O2 gate
2016-07-18,0.2405601199924043,2,12.510225434963642,O2 gate
2016-08-22,0.4239255243169965,1,12.934150959280638,O2 gate
2016-09-19,0.11895766975180258,1,13.05310862903244,O2 gate
2016-10-24,-0.03997131801002689,1,13.013137311022414,O2 gate
2016-11-21,0.2591339697856631,1,13.272271280808077,O2 gate
2016-12-19,0.48092491790029873,1,13.753196198708375,O2 gate
2017-01-23,0.42884910010849386,1,14.182045298816869,O2 gate
2017-02-21,0.22901484676650447,1,14.411060145583374,O2 gate
2017-03-20,0.46867208415967515,1,14.879732229743048,O2 gate
2017-04-24,-0.19662083318843973,1,14.683111396554608,O2 gate
2017-05-22,0.4135755530768776,1,15.096686949631486,O2 gate
2017-06-19,0.1135961079305731,1,15.210283057562059,O2 gate
2017-07-24,0.3168219559913081,1,15.527105013553367,O2 gate
2017-08-21,0.11490098834031419,1,15.642006001893682,O2 gate
2017-09-18,0.22958447515847902,1,15.87159047705216,O2 gate
2017-10-23,0.3609595249943011,1,16.232550002046462,O2 gate
2017-11-20,0.3808561206086199,1,16.613406122655082,O2 gate
2017-12-18,0.07444359885794945,1,16.687849721513032,O2 gate
2018-01-22,-0.190432320285394,1,16.49741740122764,O2 gate
2018-02-20,0.6013153536867277,2,17.09873275491437,O2 gate
2018-03-19,-0.3902591741554865,1,16.708473580758884,O2 gate
2018-04-23,0.290999764541583,1,16.999473345300466,O2 gate
2018-05-21,0.478896953140568,1,17.478370298441035,O2 gate
2018-06-18,0.009909477368726268,1,17.48827977580976,O2 gate
2018-07-23,0.04376833420980124,1,17.532048110019563,O2 gate
2018-08-20,0.34648187040102496,1,17.878529980420588,O2 gate
2018-09-24,-0.5594085034975351,1,17.31912147692305,O2 gate
2018-10-22,-0.7028405263720512,2,16.616280950551,O2 gate
2018-11-19,0.0896178438297601,2,16.70589879438076,O2 gate
2018-12-24,0.36969634009511027,2,17.075595134475872,O2 gate
2019-01-22,0.11932861577461967,2,17.194923750250492,O2 gate
2019-02-19,-0.17714552378498333,1,17.01777822646551,O2 gate
2019-03-18,0.03458110375843379,1,17.052359330223943,O2 gate
2019-04-22,0.23554912427740907,1,17.287908454501352,O2 gate
2019-05-20,-0.7823623118175199,1,16.505546142683833,O2 gate
2019-06-24,0.030450215782074685,3,16.53599635846591,O2 gate
2019-07-22,0.0,1,16.53599635846591,O2 gate
2019-08-19,0.04276451750532374,2,16.57876087597123,O2 gate
2019-09-23,0.18384519964397386,3,16.762606075615203,O2 gate
2019-10-21,0.3436416562911983,1,17.1062477319064,O2 gate
2019-11-18,0.31848406911456023,3,17.42473180102096,O2 gate
2019-12-23,0.16684459871030208,2,17.591576399731263,O2 gate
2020-01-21,0.09982190498636422,1,17.691398304717627,O2 gate
2020-02-24,0.0,1,17.691398304717627,O2 gate
2020-03-23,0.0,3,17.691398304717627,O2 gate
2020-04-20,0.4004816430972766,3,18.091879947814903,O2 gate
2020-05-18,0.5850986933040407,4,18.676978641118943,O2 gate
2020-06-22,0.45393230217238295,4,19.130910943291326,O2 gate
2020-07-20,-1.6411611265448134,4,17.489749816746514,O2 gate
2020-08-24,0.26293724666685714,4,17.752687063413372,O2 gate
2020-09-21,0.07913251460646968,4,17.831819578019843,O2 gate
2020-10-19,0.24832106463461348,4,18.080140642654456,O2 gate
2020-11-23,0.27148177440872956,3,18.351622417063187,O2 gate
2020-12-21,0.20494333071415502,3,18.55656574777734,O2 gate
2021-01-19,0.17156702237045132,3,18.72813277014779,O2 gate
2021-02-22,0.20446179144452334,3,18.932594561592314,O2 gate
2021-03-22,0.09243698870394616,3,19.02503155029626,O2 gate
2021-04-19,0.29999661259905347,3,19.32502816289531,O2 gate
2021-05-24,0.32723620071973136,3,19.652264363615043,O2 gate
2021-06-21,0.6271981623018545,3,20.279462525916898,O2 gate
2021-07-19,0.35545869657685175,3,20.634921222493748,O2 gate
2021-08-23,0.12143518701146798,3,20.756356409505216,O2 gate
2021-09-20,0.10344915950899887,4,20.859805569014213,O2 gate
2021-10-18,0.38786977311456644,4,21.24767534212878,O2 gate
2021-11-22,-0.11072827311351745,3,21.136947069015264,O2 gate
2021-12-20,0.2584755189885577,4,21.39542258800382,O2 gate
2022-01-24,0.013876208057280376,4,21.4092987960611,O2 gate
2022-02-22,-0.12200847241681047,4,21.287290323644292,O2 gate
2022-03-21,0.3649277884080264,4,21.652218112052317,O2 gate
2022-04-18,0.04805409908452884,3,21.700272211136845,O2 gate
2022-05-23,0.31432624281840976,3,22.014598453955255,O2 gate
2022-06-21,-0.08161398663887212,4,21.932984467316384,O2 gate
2022-07-18,0.36628208497293685,4,22.29926655228932,O2 gate
2022-08-22,0.17280925585075071,3,22.472075808140072,O2 gate
2022-09-19,-0.022019799382307123,4,22.450056008757766,O2 gate
2022-10-24,0.06076575098284215,3,22.510821759740608,O2 gate
2022-11-21,0.20799116474880847,4,22.718812924489416,O2 gate
2022-12-19,0.16624732458354183,4,22.885060249072957,O2 gate
2023-01-23,0.18495024457223733,4,23.070010493645196,O2 gate
2023-02-21,-0.554890506057259,3,22.515119987587937,O2 gate
2023-03-20,0.3426061000699067,3,22.857726087657845,O2 gate
2023-04-24,0.018108545691335947,3,22.875834633349182,O2 gate
2023-05-22,0.22193480956343511,3,23.097769442912618,O2 gate
2023-06-20,0.3009239005192544,3,23.398693343431873,O2 gate
2023-07-24,0.24836170585062178,3,23.647055049282496,O2 gate
2023-08-21,0.307442679922162,3,23.954497729204657,O2 gate
2023-09-18,-0.7211953890958954,3,23.23330234010876,O2 gate
2023-10-23,0.13121348761556795,3,23.36451582772433,O2 gate
2023-11-20,-0.44211417198378405,3,22.922401655740543,O2 gate
2023-12-18,0.4209070095683582,3,23.3433086653089,O2 gate
2024-01-22,0.2262302282439672,3,23.569538893552867,O2 gate
2024-02-20,-0.07726625306509746,3,23.49227264048777,O2 gate
2024-03-18,0.12166137371690389,4,23.613934014204673,O2 gate
2024-04-22,0.06640540627778159,4,23.680339420482454,O2 gate
2024-05-20,-0.07607398782147405,4,23.60426543266098,O2 gate
2024-06-24,0.12594093092017267,4,23.730206363581154,O2 gate
2024-07-22,-0.2197043814979556,4,23.5105019820832,O2 gate
2024-08-19,0.1639319069838317,4,23.67443388906703,O2 gate
2024-09-23,0.006312211482208674,4,23.680746100549236,O2 gate
2024-10-21,-0.015241344986844615,4,23.66550475556239,O2 gate
2024-11-18,0.23489324084406807,4,23.90039799640646,O2 gate
2024-12-23,0.06835748150248086,4,23.968755477908942,O2 gate
2025-01-21,0.29430687309000314,4,24.263062350998947,O2 gate
2025-02-24,0.19346222162556748,4,24.456524572624513,O2 gate
2025-03-24,-1.626735519978661,4,22.82978905264585,O2 gate
2025-04-21,0.27689493606520243,3,23.10668398871105,O2 gate
2025-05-19,-0.04655226847107551,3,23.060131720239976,O2 gate
2025-06-23,0.2936929326941319,4,23.353824652934108,O2 gate
2025-07-21,0.24069944011717326,3,23.59452409305128,O2 gate
