window,ticker,arm,entry,expiration,excluded_by,truncated,return_k0_c0,return_primary,rv,k_strip,sigma_atm_squared
autumn 2008,GLD,straddle,2008-08-18,2008-09-19,,False,-1.3191027375678719,-1.3412152599349378,0.22464737367204154,0.10125369483862165,0.09014555880624998
autumn 2008,GLD,straddle,2008-09-22,2008-10-17,,False,-0.10730500465286828,-0.1336255356149599,0.23834664856520302,0.298270571671882,0.2663323734759999
autumn 2008,GLD,straddle,2008-10-20,2008-11-21,,False,0.10231574247989664,0.08049523151892224,0.20292222130249526,0.25381049419237495,0.20875578240400003
autumn 2008,GLD,straddle,2008-11-24,2008-12-19,,False,0.37570895471258203,0.3591193606766485,0.11857647736465458,0.31114142114216187,0.265236330121
autumn 2008,GLD,strip,2008-08-18,2008-09-19,,False,-1.4300593374192208,-1.4814780226380395,0.22464737367204154,0.10125369483862165,0.09014555880624998
autumn 2008,GLD,strip,2008-09-22,2008-10-17,,False,0.13861806478941788,0.09255669843463965,0.23834664856520302,0.298270571671882,0.2663323734759999
autumn 2008,GLD,strip,2008-10-20,2008-11-21,,False,0.11636398819276995,0.06789610048042315,0.20292222130249526,0.25381049419237495,0.20875578240400003
autumn 2008,GLD,strip,2008-11-24,2008-12-19,,False,0.5656396507188213,0.5277245118081509,0.11857647736465458,0.31114142114216187,0.265236330121
autumn 2008,UNG,straddle,2008-08-18,2008-09-19,,False,-0.0495870046240672,-0.0731074970444678,0.3385916242999469,0.32173986718019815,0.32071494448899995
autumn 2008,UNG,straddle,2008-09-22,2008-10-17,,False,-0.14036952785301363,-0.15965898193029718,0.28100517334973046,0.349403747300451,0.31816932422500005
autumn 2008,UNG,straddle,2008-10-20,2008-11-21,,False,-0.3036445985927846,-0.3284553425168887,0.41749668013704844,0.3226383243728365,0.33540487702224997
autumn 2008,UNG,straddle,2008-11-24,2008-12-19,,False,-0.11019316934686464,-0.13359953789824858,0.30131685947730685,0.404362245035621,0.38933044933225003
autumn 2008,UNG,strip,2008-08-18,2008-09-19,rule 2 floor,False,-0.10613040840812896,-0.1570473122960052,0.3385916242999469,0.32173986718019815,0.32071494448899995
autumn 2008,UNG,strip,2008-09-22,2008-10-17,,False,0.002780454761880523,-0.05029365557444537,0.28100517334973046,0.349403747300451,0.31816932422500005
autumn 2008,UNG,strip,2008-10-20,2008-11-21,rule 2 floor,False,-0.31947475331863934,-0.3703953658071263,0.41749668013704844,0.3226383243728365,0.33540487702224997
autumn 2008,UNG,strip,2008-11-24,2008-12-19,,False,0.11574515554942169,0.06545821233417211,0.30131685947730685,0.404362245035621,0.38933044933225003
autumn 2008,USO,straddle,2008-08-18,2008-09-19,,False,0.058948742194642995,0.04157213830767043,0.21097259698252818,0.21629796744829263,0.20929938755625002
autumn 2008,USO,straddle,2008-09-22,2008-10-17,,False,-0.3444659223317342,-0.3573258222382733,0.45141281653996135,0.3398388602503101,0.318471734889
autumn 2008,USO,straddle,2008-10-20,2008-11-21,,False,-0.39417925245770824,-0.4103817973096917,0.6991914106086806,0.481262187337879,0.4280064252840001
autumn 2008,USO,straddle,2008-11-24,2008-12-19,,False,-0.14060514901763585,-0.16064529138670028,0.6053263470795827,0.6454170032982263,0.6058084855690001
autumn 2008,USO,strip,2008-08-18,2008-09-19,,False,-0.008249789528609976,-0.04042544079981979,0.21097259698252818,0.21629796744829263,0.20929938755625002
autumn 2008,USO,strip,2008-09-22,2008-10-17,,False,-0.5689258597319596,-0.607850805800967,0.45141281653996135,0.3398388602503101,0.318471734889
autumn 2008,USO,strip,2008-10-20,2008-11-21,,False,-0.453950245939623,-0.4904496844267912,0.6991914106086806,0.481262187337879,0.4280064252840001
autumn 2008,USO,strip,2008-11-24,2008-12-19,,False,0.07741550504074435,0.0466165640144728,0.6053263470795827,0.6454170032982263,0.6058084855690001
March 2020,GLD,straddle,2020-01-21,2020-02-21,,False,0.056381795415764484,0.030111702778319642,0.011265514140742287,0.013263662611520776,0.01051434906025
March 2020,GLD,straddle,2020-02-24,2020-03-20,,False,-1.308006595985054,-1.3260390372377902,0.10036169044637372,0.033281709578263964,0.027057618064
March 2020,GLD,straddle,2020-03-23,2020-04-17,,False,0.10915999343201155,0.09698903869731078,0.08913547649781237,0.17943722485985283,0.143214562969
March 2020,GLD,strip,2020-01-21,2020-02-21,,False,0.15430446046845928,0.09982190498636422,0.011265514140742287,0.013263662611520776,0.01051434906025
March 2020,GLD,strip,2020-02-24,2020-03-20,,False,-2.4001602763483505,-2.4639914766701305,0.10036169044637372,0.033281709578263964,0.027057618064
March 2020,GLD,strip,2020-03-23,2020-04-17,,False,0.49125737445122913,0.4664220957788949,0.08913547649781237,0.17943722485985283,0.143214562969
March 2020,SLV,straddle,2020-01-21,2020-02-21,,False,-0.4369059229665204,-0.46769175163048254,0.041593660644124945,0.03426373793207052,0.0263867536
March 2020,SLV,straddle,2020-02-24,2020-03-20,,False,-0.7799351925094176,-0.794638225193613,0.493692558037214,0.07088093170869833,0.06129214275625
March 2020,SLV,straddle,2020-03-23,2020-04-17,,False,0.3517122328917128,0.3394050828912623,0.16540967180102997,0.6267904562844081,0.5422694957102501
March 2020,SLV,strip,2020-01-21,2020-02-21,rule 2 floor,False,-0.274039155826547,-0.32890927859883556,0.041593660644124945,0.03426373793207052,0.0263867536
March 2020,SLV,strip,2020-02-24,2020-03-20,rule 2 floor,False,-3.304316641557966,-3.3456669613534378,0.493692558037214,0.07088093170869833,0.06129214275625
March 2020,SLV,strip,2020-03-23,2020-04-17,,False,0.6496185822499345,0.6247523778461734,0.16540967180102997,0.6267904562844081,0.5422694957102501
March 2020,UNG,straddle,2020-01-21,2020-02-21,,False,0.24345208809105526,0.2265816991056816,0.10467610179191604,0.1666926138269514,0.16433618745599998
March 2020,UNG,straddle,2020-02-24,2020-03-20,,False,-0.8983340687999817,-0.916705252943627,0.3557218118570992,0.13460884812104804,0.13341084977025003
March 2020,UNG,straddle,2020-03-23,2020-04-17,,False,0.10543801994634833,0.08970833753882165,0.43383678768855055,0.6144486484324237,0.6336454523422499
March 2020,UNG,strip,2020-01-21,2020-02-21,rule 2 floor,False,0.3198273434275723,0.2951826543629933,0.10467610179191604,0.1666926138269514,0.16433618745599998
March 2020,UNG,strip,2020-02-24,2020-03-20,rule 2 floor,False,-1.5084108355759143,-1.5457511217007671,0.3557218118570992,0.13460884812104804,0.13341084977025003
March 2020,UNG,strip,2020-03-23,2020-04-17,rule 2 floor,False,0.2891469797503455,0.2561113173796583,0.43383678768855055,0.6144486484324237,0.6336454523422499
March 2020,USO,straddle,2020-01-21,2020-02-21,,False,-0.24306533645304712,-0.25363109518012605,0.08083423521451782,0.07930260953963413,0.059670275625
March 2020,USO,straddle,2020-02-24,2020-03-20,,False,-0.8033880244429733,-0.813095097491595,2.734144120449401,0.17439653175194894,0.16028292496225002
March 2020,USO,straddle,2020-03-23,2020-04-17,,False,0.4438744510751231,0.4351704634773584,1.1926238285684807,4.157775908061204,3.10923570650625
March 2020,USO,strip,2020-01-21,2020-02-21,rule 2 floor,False,0.08599716397431566,0.0371175874601779,0.08083423521451782,0.07930260953963413,0.059670275625
March 2020,USO,strip,2020-02-24,2020-03-20,rule 2 floor,False,-5.206988137766527,-5.243357854739914,2.734144120449401,0.17439653175194894,0.16028292496225002
March 2020,USO,strip,2020-03-23,2020-04-17,,False,0.6672654080382173,0.6205355810924567,1.1926238285684807,4.157775908061204,3.10923570650625
April 2020,GLD,straddle,2020-03-23,2020-04-17,,False,0.10915999343201155,0.09698903869731078,0.08913547649781237,0.17943722485985283,0.143214562969
April 2020,GLD,straddle,2020-04-20,2020-05-15,,False,0.41716756340607886,0.3978932739892427,0.02295870763107416,0.08005785426469393,0.059024945450250006
April 2020,GLD,strip,2020-03-23,2020-04-17,,False,0.49125737445122913,0.4664220957788949,0.08913547649781237,0.17943722485985283,0.143214562969
April 2020,GLD,strip,2020-04-20,2020-05-15,,False,0.6757853346998447,0.6496923527618663,0.02295870763107416,0.08005785426469393,0.059024945450250006
April 2020,SLV,straddle,2020-03-23,2020-04-17,,False,0.3517122328917128,0.3394050828912623,0.16540967180102997,0.6267904562844081,0.5422694957102501
April 2020,SLV,straddle,2020-04-20,2020-05-15,,False,0.33220119775015994,0.32089610033926447,0.06946657448161134,0.19581344633458822,0.14286888039999998
April 2020,SLV,strip,2020-03-23,2020-04-17,,False,0.6496185822499345,0.6247523778461734,0.16540967180102997,0.6267904562844081,0.5422694957102501
April 2020,SLV,strip,2020-04-20,2020-05-15,,False,0.5816640084079844,0.5517525765299632,0.06946657448161134,0.19581344633458822,0.14286888039999998
April 2020,UNG,straddle,2020-03-23,2020-04-17,,False,0.10543801994634833,0.08970833753882165,0.43383678768855055,0.6144486484324237,0.6336454523422499
April 2020,UNG,straddle,2020-04-20,2020-05-15,,False,0.035576124224238684,0.024809571122097515,0.43119859839423774,0.5888426809056216,0.567002976016
April 2020,UNG,strip,2020-03-23,2020-04-17,rule 2 floor,False,0.2891469797503455,0.2561113173796583,0.43383678768855055,0.6144486484324237,0.6336454523422499
April 2020,UNG,strip,2020-04-20,2020-05-15,,False,0.1871266085295527,0.16515002448515453,0.43119859839423774,0.5888426809056216,0.567002976016
April 2020,USO,straddle,2020-03-23,2020-04-17,,False,0.4438744510751231,0.4351704634773584,1.1926238285684807,4.157775908061204,3.10923570650625
April 2020,USO,strip,2020-03-23,2020-04-17,,False,0.6672654080382173,0.6205355810924567,1.1926238285684807,4.157775908061204,3.10923570650625
April 2020,USO,strip,2020-04-20,2020-05-15,rule 5 truncated,True,0.49360316001028254,0.44451769644277744,1.9885342948406421,7.911845981431141,2.854947536281
2022 UNG,UNG,straddle,2021-12-20,2022-01-21,,False,0.10801102576811995,0.09179179949081284,0.6606391438136539,0.49519635423582564,0.43482550456900004
2022 UNG,UNG,straddle,2022-01-24,2022-02-18,,False,-0.43485484399645347,-0.4551652311385754,0.7099214738216938,0.32825344232386056,0.27163536778225
2022 UNG,UNG,straddle,2022-02-22,2022-03-18,,False,0.09552802993764237,0.0797508463776915,0.2419266605875192,0.41423246571093647,0.33533885814025
2022 UNG,UNG,straddle,2022-03-21,2022-04-14,,False,-0.09361928671047723,-0.11272380399896777,0.2857616859969285,0.31657808150603367,0.26811217982025
2022 UNG,UNG,straddle,2022-04-18,2022-05-20,,False,0.14513303115478982,0.12731551715963302,0.7063016254864652,0.7267519423334596,0.750517272976
2022 UNG,UNG,straddle,2022-05-23,2022-06-17,,False,-0.14240632024912855,-0.1522370189976377,0.8500074285686123,0.8912745192242173,0.88644955371025
2022 UNG,UNG,straddle,2022-06-21,2022-07-15,,False,-0.34792705357350723,-0.36893391332390096,0.8757116623331167,0.5196833313425127,0.448293185209
2022 UNG,UNG,straddle,2022-07-18,2022-08-19,,False,0.22634476207160276,0.21465841475293573,0.3944094549881822,0.8706976018739196,0.8503698440250002
2022 UNG,UNG,straddle,2022-08-22,2022-09-16,,False,0.08430943896331378,0.07152330841297232,0.501371417941528,0.958862769219581,0.69134984415025
2022 UNG,UNG,straddle,2022-09-19,2022-10-21,,False,0.18725983572531935,0.17634261012021302,0.32832700507091994,0.836990394051481,0.80952756890625
2022 UNG,UNG,straddle,2022-10-24,2022-11-18,,False,0.1824682275873338,0.1696115050509484,0.6303654083786329,0.965220564939396,0.88123560382225
2022 UNG,UNG,straddle,2022-11-21,2022-12-16,,False,0.2029117197385919,0.1950511301452523,0.8198046229028113,1.4997235039132668,1.3165026647102502
2022 UNG,UNG,straddle,2022-12-19,2023-01-20,,False,-0.006690484674928422,-0.014093352916422029,0.749686757207533,0.9679994029263956,0.8782341910222501
2022 UNG,UNG,strip,2021-12-20,2022-01-21,,False,-0.31214523330574484,-0.3418326465520634,0.6606391438136539,0.49519635423582564,0.43482550456900004
2022 UNG,UNG,strip,2022-01-24,2022-02-18,,False,-0.885002107959281,-0.927384909604979,0.7099214738216938,0.32825344232386056,0.27163536778225
2022 UNG,UNG,strip,2022-02-22,2022-03-18,,False,0.40447500278102605,0.36974619742530596,0.2419266605875192,0.41423246571093647,0.33533885814025
2022 UNG,UNG,strip,2022-03-21,2022-04-14,,False,0.2143173403095536,0.1803315806177539,0.2857616859969285,0.31657808150603367,0.26811217982025
2022 UNG,UNG,strip,2022-04-18,2022-05-20,rule 2 floor,False,0.03220432350191595,0.00768261220073877,0.7063016254864652,0.7267519423334596,0.750517272976
2022 UNG,UNG,strip,2022-05-23,2022-06-17,rule 2 floor,False,0.10011980984100494,0.06280875542159084,0.8500074285686123,0.8912745192242173,0.88644955371025
2022 UNG,UNG,strip,2022-06-21,2022-07-15,,False,-0.6870534397164367,-0.7400804327251118,0.8757116623331167,0.5196833313425127,0.448293185209
2022 UNG,UNG,strip,2022-07-18,2022-08-19,,False,0.47928645978138157,0.4545022446376242,0.3944094549881822,0.8706976018739196,0.8503698440250002
2022 UNG,UNG,strip,2022-08-22,2022-09-16,rule 2 floor,False,0.5941462597370293,0.460113419722699,0.501371417941528,0.958862769219581,0.69134984415025
2022 UNG,UNG,strip,2022-09-19,2022-10-21,,False,0.4647154628199452,0.43819321784993565,0.32832700507091994,0.836990394051481,0.80952756890625
2022 UNG,UNG,strip,2022-10-24,2022-11-18,rule 2 floor,False,0.35275148833157255,0.32314063513464025,0.6303654083786329,0.965220564939396,0.88123560382225
2022 UNG,UNG,strip,2022-11-21,2022-12-16,,False,0.48820350554549297,0.443690808923202,0.8198046229028113,1.4997235039132668,1.3165026647102502
2022 UNG,UNG,strip,2022-12-19,2023-01-20,,False,0.24828640371262173,0.19860774591717711,0.749686757207533,0.9679994029263956,0.8782341910222501
